{
"type": "FeatureCollection",
"name": "dbg_boundary",
"crs": { "type": "name", "properties": { "name": "urn:ogc:def:crs:OGC:1.3:CRS84" } },
"features": [
{ "type": "Feature", "properties": { "OBJECTID": 778, "STATE_UT": "BIHAR", "STATE_LGD": "10", "DISTRICT": "Darbhanga", "DIST_LGD": "215", "REMARKS": null, "Shape_Leng": 474816.708399, "Shape_Area": 2418303531.8499999 }, "geometry": { "type": "MultiPolygon", "coordinates": [ [ [ [ 85.726139251833075, 26.443211244749683, 0.0 ], [ 85.726203761236604, 26.442392878952628, 0.0 ], [ 85.726737408719814, 26.442075848825443, 0.0 ], [ 85.727649476140741, 26.441768354898869, 0.0 ], [ 85.728336050654661, 26.44149252293472, 0.0 ], [ 85.729628908388747, 26.440927495524459, 0.0 ], [ 85.730054858165943, 26.440832425558963, 0.0 ], [ 85.730556071355892, 26.440741814076389, 0.0 ], [ 85.730881883726127, 26.440642239825614, 0.0 ], [ 85.731197556924954, 26.440479560268031, 0.0 ], [ 85.731999025909658, 26.439792965400958, 0.0 ], [ 85.732710426977235, 26.439390849656665, 0.0 ], [ 85.733807866057063, 26.438983845864627, 0.0 ], [ 85.734374052800604, 26.438617901716395, 0.0 ], [ 85.734759622479771, 26.43823392496007, 0.0 ], [ 85.734909748809898, 26.437976602234258, 0.0 ], [ 85.734934373386906, 26.437475678316204, 0.0 ], [ 85.73496413729805, 26.437110128001336, 0.0 ], [ 85.734928656149833, 26.43667692252156, 0.0 ], [ 85.734850660469107, 26.436403948674467, 0.0 ], [ 85.734629787344645, 26.436124292766788, 0.0 ], [ 85.734356329474039, 26.435770231557481, 0.0 ], [ 85.734234322799892, 26.435349486423323, 0.0 ], [ 85.734586150290426, 26.434973562230475, 0.0 ], [ 85.73591904938111, 26.434442232434961, 0.0 ], [ 85.736410142161844, 26.434292918726612, 0.0 ], [ 85.737096781570045, 26.434161580551802, 0.0 ], [ 85.737537637641296, 26.434038229020597, 0.0 ], [ 85.738018718449084, 26.433903465577295, 0.0 ], [ 85.739076356037984, 26.433839402606115, 0.0 ], [ 85.739782750402867, 26.433794764509173, 0.0 ], [ 85.74011883324178, 26.433712272267393, 0.0 ], [ 85.741055856946645, 26.433341442395228, 0.0 ], [ 85.741757348886807, 26.433088154191548, 0.0 ], [ 85.742183356192442, 26.432974991278599, 0.0 ], [ 85.742624422891751, 26.432934003052669, 0.0 ], [ 85.743356199677564, 26.432892770231597, 0.0 ], [ 85.746018092894062, 26.433012385357703, 0.0 ], [ 85.748576321800783, 26.432592070774142, 0.0 ], [ 85.74967385758768, 26.432760027026234, 0.0 ], [ 85.750002192348418, 26.432785649288583, 0.0 ], [ 85.750786611704157, 26.432846765100802, 0.0 ], [ 85.751483357256447, 26.432901512893434, 0.0 ], [ 85.752611168104991, 26.432875427890828, 0.0 ], [ 85.753758632421992, 26.432914687059469, 0.0 ], [ 85.754450568997015, 26.432875939156258, 0.0 ], [ 85.756100130701086, 26.432765535687722, 0.0 ], [ 85.757258114675651, 26.432712322229126, 0.0 ], [ 85.7578745966686, 26.432780515533665, 0.0 ], [ 85.758370798247853, 26.432853168728329, 0.0 ], [ 85.758786737003277, 26.432948234201984, 0.0 ], [ 85.759859325521205, 26.433116076248563, 0.0 ], [ 85.760340514325264, 26.433130000804947, 0.0 ], [ 85.760881825165086, 26.433157535280461, 0.0 ], [ 85.761378101008106, 26.433157954287694, 0.0 ], [ 85.761884392712403, 26.433131283756143, 0.0 ], [ 85.762440835487894, 26.433131679081121, 0.0 ], [ 85.762982301137029, 26.433050870291375, 0.0 ], [ 85.763465008057153, 26.433020726554503, 0.0 ], [ 85.763929870773111, 26.432966010047178, 0.0 ], [ 85.765453869220792, 26.432800154382459, 0.0 ], [ 85.766366250875294, 26.432701590841972, 0.0 ], [ 85.767584430305433, 26.432607734758793, 0.0 ], [ 85.768612208272188, 26.432639469133477, 0.0 ], [ 85.768567527571847, 26.431931520307014, 0.0 ], [ 85.768518322948012, 26.430956698747138, 0.0 ], [ 85.768398904872882, 26.430040496075573, 0.0 ], [ 85.768374870417659, 26.428858156029644, 0.0 ], [ 85.768220276045611, 26.427978032955885, 0.0 ], [ 85.768020731146137, 26.427034687527794, 0.0 ], [ 85.767775913214365, 26.426086798758764, 0.0 ], [ 85.767535580285625, 26.425363266467361, 0.0 ], [ 85.766826254224512, 26.423238384436303, 0.0 ], [ 85.766426251538959, 26.42221367952418, 0.0 ], [ 85.76606141186852, 26.421107754174077, 0.0 ], [ 85.765861708034308, 26.420304339164101, 0.0 ], [ 85.765607589492276, 26.418688470809311, 0.0 ], [ 85.765393384286114, 26.417298376500085, 0.0 ], [ 85.765208894996746, 26.416309925825164, 0.0 ], [ 85.764964227228305, 26.415267238323775, 0.0 ], [ 85.764809159167015, 26.415018892025088, 0.0 ], [ 85.764533704172948, 26.414833694346854, 0.0 ], [ 85.763952346734726, 26.41475202229104, 0.0 ], [ 85.763336068329608, 26.414598092826324, 0.0 ], [ 85.763040582352005, 26.414336070814141, 0.0 ], [ 85.762920811137448, 26.413862144627672, 0.0 ], [ 85.76276633827375, 26.412900764899614, 0.0 ], [ 85.762712401030399, 26.411650633406865, 0.0 ], [ 85.762567860448769, 26.410811127929719, 0.0 ], [ 85.761926656639915, 26.410580509108804, 0.0 ], [ 85.761110075565924, 26.410164647218846, 0.0 ], [ 85.760183443480543, 26.40969004774362, 0.0 ], [ 85.759888271530926, 26.409175327652978, 0.0 ], [ 85.760089161901178, 26.408755819762039, 0.0 ], [ 85.760670844969908, 26.408381682247818, 0.0 ], [ 85.761538478460224, 26.407714439677758, 0.0 ], [ 85.761612691106222, 26.40733153573926, 0.0 ], [ 85.761464249691045, 26.406807288547324, 0.0 ], [ 85.761085173250621, 26.404902605407095, 0.0 ], [ 85.760805607143055, 26.403819253132063, 0.0 ], [ 85.760651139711484, 26.402925580162577, 0.0 ], [ 85.760421648494429, 26.401941609107098, 0.0 ], [ 85.760207135103556, 26.400925987843205, 0.0 ], [ 85.759842573871765, 26.399673813173106, 0.0 ], [ 85.76045424752553, 26.399378280183331, 0.0 ], [ 85.761381356339811, 26.399284292690105, 0.0 ], [ 85.761646869439176, 26.399410817309143, 0.0 ], [ 85.76187645550614, 26.40036779413024, 0.0 ], [ 85.762031309267627, 26.400868838460845, 0.0 ], [ 85.762166260177949, 26.401243497091389, 0.0 ], [ 85.762537129592701, 26.401230274650988, 0.0 ], [ 85.763519359701945, 26.401176834814805, 0.0 ], [ 85.764135929121252, 26.401023900588363, 0.0 ], [ 85.764802313088353, 26.401069559303451, 0.0 ], [ 85.765153168777232, 26.401024649259469, 0.0 ], [ 85.765523821182825, 26.401191977927667, 0.0 ], [ 85.766190171263133, 26.401372961395094, 0.0 ], [ 85.766886580361586, 26.401567899434021, 0.0 ], [ 85.76754792737259, 26.401707960799293, 0.0 ], [ 85.768059094123217, 26.401681216686459, 0.0 ], [ 85.768379943316702, 26.401573204807786, 0.0 ], [ 85.768761015731272, 26.401307176609926, 0.0 ], [ 85.769377733837885, 26.400960206758203, 0.0 ], [ 85.770215057589269, 26.400532072262354, 0.0 ], [ 85.771157652162486, 26.400079642993656, 0.0 ], [ 85.772049948401204, 26.399698470271723, 0.0 ], [ 85.772837105281795, 26.399225199830756, 0.0 ], [ 85.773669300116424, 26.398857985677683, 0.0 ], [ 85.774034953128321, 26.398991439920398, 0.0 ], [ 85.774455682314894, 26.399239887009973, 0.0 ], [ 85.774776249308715, 26.399461292616024, 0.0 ], [ 85.775131787334516, 26.399741319303534, 0.0 ], [ 85.775412110466789, 26.400061959494856, 0.0 ], [ 85.775842784402158, 26.400423248714564, 0.0 ], [ 85.776118114872205, 26.400770929011411, 0.0 ], [ 85.776583977831933, 26.401037541687494, 0.0 ], [ 85.776984552456327, 26.401344671882534, 0.0 ], [ 85.77746555858306, 26.401525553772505, 0.0 ], [ 85.77780111872147, 26.401733358184043, 0.0 ], [ 85.778768104463438, 26.40192804696423, 0.0 ], [ 85.779776705030386, 26.401911088718247, 0.0 ], [ 85.780712540117577, 26.401942916837651, 0.0 ], [ 85.781378936503714, 26.402065147449079, 0.0 ], [ 85.782150749853841, 26.401943791626927, 0.0 ], [ 85.783107982528335, 26.401912845468519, 0.0 ], [ 85.783847699793483, 26.40203688717942, 0.0 ], [ 85.784535984113418, 26.402180029576716, 0.0 ], [ 85.785337720062998, 26.402293370895553, 0.0 ], [ 85.786956549063149, 26.402001053643062, 0.0 ], [ 85.787377624152214, 26.401874888791205, 0.0 ], [ 85.787913992736449, 26.401681176587978, 0.0 ], [ 85.788320057363933, 26.401446725238369, 0.0 ], [ 85.789011862880841, 26.40118092601001, 0.0 ], [ 85.789849039338463, 26.400779758410966, 0.0 ], [ 85.790588280560044, 26.400694464564133, 0.0 ], [ 85.790650454684808, 26.40130827081552, 0.0 ], [ 85.790339671583808, 26.401375792187633, 0.0 ], [ 85.789968809310665, 26.401474854128526, 0.0 ], [ 85.789677960004951, 26.401668755817262, 0.0 ], [ 85.789622646316403, 26.402002599250014, 0.0 ], [ 85.789376800500591, 26.402408680912234, 0.0 ], [ 85.789100468339768, 26.403324592704852, 0.0 ], [ 85.788696093922951, 26.404596979379765, 0.0 ], [ 85.789405127186981, 26.404728336894877, 0.0 ], [ 85.790176833420659, 26.404800951287609, 0.0 ], [ 85.790918573363896, 26.404814986570887, 0.0 ], [ 85.791940824513404, 26.404896751317185, 0.0 ], [ 85.792314486880741, 26.404968491775534, 0.0 ], [ 85.792742566434256, 26.405050678465148, 0.0 ], [ 85.793414000445694, 26.405163867741184, 0.0 ], [ 85.793754603805411, 26.405430361823591, 0.0 ], [ 85.79403485060908, 26.405899840990852, 0.0 ], [ 85.794270221126482, 26.40621139943902, 0.0 ], [ 85.794650614573243, 26.406875013583402, 0.0 ], [ 85.794755662823249, 26.40719549452627, 0.0 ], [ 85.794679966251636, 26.407890384359408, 0.0 ], [ 85.79476487269676, 26.408364264019209, 0.0 ], [ 85.795039957182709, 26.409100026521234, 0.0 ], [ 85.795350276626948, 26.40975456226754, 0.0 ], [ 85.795590323525531, 26.410258421423887, 0.0 ], [ 85.795996069137757, 26.410756795957973, 0.0 ], [ 85.796356314632035, 26.411191298525374, 0.0 ], [ 85.796737404384487, 26.411325848614425, 0.0 ], [ 85.797664610760322, 26.411326333523842, 0.0 ], [ 85.79830899292088, 26.411310381198792, 0.0 ], [ 85.799804623366128, 26.411273346145009, 0.0 ], [ 85.803079938000607, 26.411104294197827, 0.0 ], [ 85.805172433616789, 26.410996255076927, 0.0 ], [ 85.806129712384674, 26.41092904385744, 0.0 ], [ 85.807257417559569, 26.410843837613456, 0.0 ], [ 85.808451957335507, 26.410719415492675, 0.0 ], [ 85.809111831625799, 26.4106100225119, 0.0 ], [ 85.810525187746208, 26.410484284578718, 0.0 ], [ 85.811186848316865, 26.410362759284528, 0.0 ], [ 85.811773282858411, 26.410263718233683, 0.0 ], [ 85.812069015725982, 26.410110438329248, 0.0 ], [ 85.812485098355083, 26.409943622634994, 0.0 ], [ 85.813121777246479, 26.409637074076201, 0.0 ], [ 85.813893732048243, 26.409249308041627, 0.0 ], [ 85.814618050644427, 26.408965237965194, 0.0 ], [ 85.815036688926213, 26.408748780027949, 0.0 ], [ 85.815254840997724, 26.408401422446545, 0.0 ], [ 85.815833719209039, 26.40838811486044, 0.0 ], [ 85.817006387840465, 26.408442778413214, 0.0 ], [ 85.819136292241367, 26.408569980091183, 0.0 ], [ 85.820434027547265, 26.408666413149437, 0.0 ], [ 85.82060488465676, 26.408096650903332, 0.0 ], [ 85.82052054513332, 26.406205724732395, 0.0 ], [ 85.820051208159725, 26.402631296192911, 0.0 ], [ 85.820016017516025, 26.400705256896035, 0.0 ], [ 85.821710916403887, 26.400567317423157, 0.0 ], [ 85.821681627129252, 26.398890720384184, 0.0 ], [ 85.821526473173833, 26.398319808762931, 0.0 ], [ 85.821000433341368, 26.398209077579637, 0.0 ], [ 85.820353924286792, 26.398208804385508, 0.0 ], [ 85.819732623319339, 26.398095702755068, 0.0 ], [ 85.81911633382245, 26.397874392457506, 0.0 ], [ 85.818730654844629, 26.397580862461901, 0.0 ], [ 85.818189722161648, 26.39693981702478, 0.0 ], [ 85.817789217576234, 26.396163424286016, 0.0 ], [ 85.81747388984968, 26.395508983337923, 0.0 ], [ 85.817363932068446, 26.394976404457466, 0.0 ], [ 85.817349113426502, 26.394394234454055, 0.0 ], [ 85.817584870527597, 26.393934028832629, 0.0 ], [ 85.817890751648875, 26.393478285333103, 0.0 ], [ 85.818231736677077, 26.393099389218659, 0.0 ], [ 85.81872792001856, 26.392797159562551, 0.0 ], [ 85.819048685034048, 26.392670974756271, 0.0 ], [ 85.819249281874605, 26.39246344701375, 0.0 ], [ 85.819274539125232, 26.39203021144338, 0.0 ], [ 85.819362658969098, 26.39151545502386, 0.0 ], [ 85.819610620239274, 26.391294747915534, 0.0 ], [ 85.820016619160583, 26.390987977914456, 0.0 ], [ 85.820552954187974, 26.390600123742679, 0.0 ], [ 85.821049235136613, 26.390207693714679, 0.0 ], [ 85.821450170805491, 26.390013820165684, 0.0 ], [ 85.821650743916337, 26.3897385764961, 0.0 ], [ 85.821791281294097, 26.389264759676969, 0.0 ], [ 85.821706237078331, 26.388804433427136, 0.0 ], [ 85.821736647820103, 26.388109421807656, 0.0 ], [ 85.821871215972067, 26.387466854387764, 0.0 ], [ 85.822388387614154, 26.387301885901106, 0.0 ], [ 85.82289454159816, 26.387189224360483, 0.0 ], [ 85.823330571790066, 26.386968233283753, 0.0 ], [ 85.823315829031955, 26.386340967231927, 0.0 ], [ 85.823408326475814, 26.385759750173079, 0.0 ], [ 85.824022659636782, 26.385565023332067, 0.0 ], [ 85.82473428051388, 26.38528539568437, 0.0 ], [ 85.825931913893285, 26.385118904247339, 0.0 ], [ 85.826798786014535, 26.384979304118541, 0.0 ], [ 85.827896176382708, 26.384812695856905, 0.0 ], [ 85.829053734352684, 26.384673115184601, 0.0 ], [ 85.829930587505388, 26.384547029155243, 0.0 ], [ 85.830922653444958, 26.38460605531483, 0.0 ], [ 85.831468806783477, 26.384660351011984, 0.0 ], [ 85.832024852466773, 26.385066645647477, 0.0 ], [ 85.832365360149481, 26.385495556697244, 0.0 ], [ 85.832573265141235, 26.385718986201397, 0.0 ], [ 85.83280121066781, 26.385973668301208, 0.0 ], [ 85.833226867020443, 26.386637521806335, 0.0 ], [ 85.833632407128903, 26.387319119355716, 0.0 ], [ 85.834138317128378, 26.387928493937224, 0.0 ], [ 85.834566106445493, 26.388248110766146, 0.0 ], [ 85.834974991484131, 26.388361982017148, 0.0 ], [ 85.835360850225356, 26.388249290361763, 0.0 ], [ 85.836088202224829, 26.388156481067693, 0.0 ], [ 85.836949385211852, 26.387798428085905, 0.0 ], [ 85.836834320179264, 26.387347073500862, 0.0 ], [ 85.836588955432205, 26.38658435965861, 0.0 ], [ 85.836474002338221, 26.385911904915805, 0.0 ], [ 85.836970024269604, 26.3858082296425, 0.0 ], [ 85.837454172643689, 26.385608937218691, 0.0 ], [ 85.837441263354833, 26.385316407276751, 0.0 ], [ 85.836491927345364, 26.382633509003366, 0.0 ], [ 85.836720635428904, 26.382355787587464, 0.0 ], [ 85.837246870739662, 26.382076125261644, 0.0 ], [ 85.838344201704231, 26.381981571527003, 0.0 ], [ 85.83930126986165, 26.381769768056788, 0.0 ], [ 85.839760318674365, 26.381593343448206, 0.0 ], [ 85.839747589172006, 26.380413686717553, 0.0 ], [ 85.838590195245345, 26.380406692552651, 0.0 ], [ 85.837618185208612, 26.38041992944861, 0.0 ], [ 85.836751330739531, 26.380672450109824, 0.0 ], [ 85.835905678516966, 26.380833725474805, 0.0 ], [ 85.83553897962004, 26.380103473294788, 0.0 ], [ 85.835248560599865, 26.379507683781323, 0.0 ], [ 85.834908087382303, 26.378826168997534, 0.0 ], [ 85.834282193431832, 26.377711321359399, 0.0 ], [ 85.83303280520056, 26.375844844424599, 0.0 ], [ 85.832116990588759, 26.376180116782951, 0.0 ], [ 85.828855905282836, 26.378179023178998, 0.0 ], [ 85.827958817900537, 26.378765377611099, 0.0 ], [ 85.827046760363388, 26.379225389823056, 0.0 ], [ 85.826320140262865, 26.379347002284408, 0.0 ], [ 85.825443250175979, 26.379500151893208, 0.0 ], [ 85.824556243234611, 26.379444479476046, 0.0 ], [ 85.824230490228246, 26.379245801605272, 0.0 ], [ 85.824080747716678, 26.378958105388985, 0.0 ], [ 85.824081032494519, 26.378276657738677, 0.0 ], [ 85.823905910969543, 26.37759512223538, 0.0 ], [ 85.823765953341066, 26.3769452039082, 0.0 ], [ 85.823781289478688, 26.376331501003552, 0.0 ], [ 85.823811604335376, 26.375762881210715, 0.0 ], [ 85.823661447595768, 26.375288929454875, 0.0 ], [ 85.823396167729427, 26.374702171494167, 0.0 ], [ 85.823396353863956, 26.374327592096051, 0.0 ], [ 85.823105810748075, 26.374246296941148, 0.0 ], [ 85.82232423095266, 26.374146698067467, 0.0 ], [ 85.821687953591834, 26.374119344070426, 0.0 ], [ 85.820936404562133, 26.374240905844367, 0.0 ], [ 85.820134664123017, 26.37438958615067, 0.0 ], [ 85.819699081433342, 26.373924563088838, 0.0 ], [ 85.819418803452734, 26.373297138278133, 0.0 ], [ 85.819382968858633, 26.372825100048704, 0.0 ], [ 85.819950218438905, 26.372615915849728, 0.0 ], [ 85.820461319159023, 26.372394963947539, 0.0 ], [ 85.820817144654328, 26.372047599608884, 0.0 ], [ 85.820922619384106, 26.371560221759577, 0.0 ], [ 85.820907900988672, 26.3709464511983, 0.0 ], [ 85.820938172907887, 26.370531312144958, 0.0 ], [ 85.821078565580891, 26.370296650153598, 0.0 ], [ 85.821439488117903, 26.369786863503641, 0.0 ], [ 85.821980871866757, 26.369182318919563, 0.0 ], [ 85.822351616480717, 26.369042542191011, 0.0 ], [ 85.823002874265541, 26.369042841027976, 0.0 ], [ 85.823819500282127, 26.369142361765981, 0.0 ], [ 85.824430629826693, 26.369181907358403, 0.0 ], [ 85.825162144387221, 26.369129369571652, 0.0 ], [ 85.825703340821065, 26.368962543024878, 0.0 ], [ 85.826184431080549, 26.368475351127735, 0.0 ], [ 85.826530453678416, 26.367627004408007, 0.0 ], [ 85.826806379257974, 26.366692946566342, 0.0 ], [ 85.827147498636847, 26.365763393008756, 0.0 ], [ 85.827658824803152, 26.364869991690856, 0.0 ], [ 85.828145054774339, 26.36428794754617, 0.0 ], [ 85.828671311833375, 26.363651788610589, 0.0 ], [ 85.829458122826907, 26.362957088276385, 0.0 ], [ 85.83021478416515, 26.362190090551103, 0.0 ], [ 85.830926428899673, 26.3617029585401, 0.0 ], [ 85.831407477757992, 26.361274340862579, 0.0 ], [ 85.831197192282502, 26.361008006200532, 0.0 ], [ 85.830886702199265, 26.360561191123118, 0.0 ], [ 85.830707953866536, 26.35989048753412, 0.0 ], [ 85.831147509439447, 26.359739852677155, 0.0 ], [ 85.832109483921386, 26.35945139178844, 0.0 ], [ 85.832986245101452, 26.359185343213419, 0.0 ], [ 85.833452120673073, 26.359158442997362, 0.0 ], [ 85.834075895250166, 26.358881026946275, 0.0 ], [ 85.833798168710075, 26.35798966241412, 0.0 ], [ 85.833553038213111, 26.357141175263294, 0.0 ], [ 85.833027310452778, 26.356432507432217, 0.0 ], [ 85.832496585081913, 26.355683169300779, 0.0 ], [ 85.832211145573567, 26.355556703597575, 0.0 ], [ 85.831514781434151, 26.355524933286677, 0.0 ], [ 85.830698328975529, 26.355556279560393, 0.0 ], [ 85.829891776676433, 26.355470244119736, 0.0 ], [ 85.829476032405893, 26.355555866055738, 0.0 ], [ 85.828959940402498, 26.355803897448975, 0.0 ], [ 85.828158323142006, 26.356232413224255, 0.0 ], [ 85.826988495648735, 26.356555619565462, 0.0 ], [ 85.826104301989915, 26.356583676928871, 0.0 ], [ 85.825503197132662, 26.356451538085963, 0.0 ], [ 85.824806995493148, 26.356190601943752, 0.0 ], [ 85.82417607899751, 26.355761637081294, 0.0 ], [ 85.823505087505652, 26.355134171393168, 0.0 ], [ 85.823024286725712, 26.35484510914462, 0.0 ], [ 85.822408352750486, 26.354402628381216, 0.0 ], [ 85.822178329822208, 26.353436790473285, 0.0 ], [ 85.821963227378575, 26.352868047629823, 0.0 ], [ 85.821738197096764, 26.352033068943591, 0.0 ], [ 85.821603368422601, 26.35115757349471, 0.0 ], [ 85.821418442600248, 26.35018271602554, 0.0 ], [ 85.821248620545617, 26.34928002808681, 0.0 ], [ 85.820993566964091, 26.348264507575177, 0.0 ], [ 85.820793554854475, 26.347483723190287, 0.0 ], [ 85.820653606326729, 26.346847343005013, 0.0 ], [ 85.820654071717925, 26.345872565478949, 0.0 ], [ 85.820809789936987, 26.345091819406282, 0.0 ], [ 85.820950300721904, 26.344496207077764, 0.0 ], [ 85.821260782462531, 26.344550494448292, 0.0 ], [ 85.821751589724499, 26.34471767177288, 0.0 ], [ 85.822277444712327, 26.34485769029434, 0.0 ], [ 85.822733146397539, 26.34503838849108, 0.0 ], [ 85.823339195154972, 26.345106294543246, 0.0 ], [ 85.823800033472182, 26.345007246236811, 0.0 ], [ 85.824882166006205, 26.344538259345555, 0.0 ], [ 85.826500382742424, 26.343731032554555, 0.0 ], [ 85.827009724062421, 26.343571069168224, 0.0 ], [ 85.827791050570383, 26.343213524321339, 0.0 ], [ 85.828729716600918, 26.34278397019273, 0.0 ], [ 85.829886949880802, 26.342256332744178, 0.0 ], [ 85.830828566759266, 26.342184479931444, 0.0 ], [ 85.831955478459591, 26.342369812329824, 0.0 ], [ 85.832907108204083, 26.342618351204443, 0.0 ], [ 85.833938758942537, 26.343011265522232, 0.0 ], [ 85.83483522439758, 26.343386099635769, 0.0 ], [ 85.835776743087521, 26.343675164615295, 0.0 ], [ 85.836272766041432, 26.343811129713451, 0.0 ], [ 85.836998837097639, 26.343874051662208, 0.0 ], [ 85.837274420795154, 26.343761357920066, 0.0 ], [ 85.837489858630207, 26.343580824815973, 0.0 ], [ 85.837660263593065, 26.343273981098367, 0.0 ], [ 85.837720441355941, 26.342821281906279, 0.0 ], [ 85.837720616396368, 26.342217979185129, 0.0 ], [ 85.837746021904891, 26.34122967683529, 0.0 ], [ 85.837761625819567, 26.339266600011758, 0.0 ], [ 85.837551700218924, 26.338084085969747, 0.0 ], [ 85.837411588190065, 26.337556057023882, 0.0 ], [ 85.837211408689669, 26.33716341748605, 0.0 ], [ 85.836946093757504, 26.336761671681511, 0.0 ], [ 85.836685714586437, 26.336427588093191, 0.0 ], [ 85.836300185800752, 26.336134197952425, 0.0 ], [ 85.83585450936819, 26.335994160390051, 0.0 ], [ 85.835143393761101, 26.335605853157546, 0.0 ], [ 85.83481798943555, 26.335312406156177, 0.0 ], [ 85.834687849400112, 26.334910762326675, 0.0 ], [ 85.834673035747414, 26.334509063461375, 0.0 ], [ 85.834733225329316, 26.334161602501556, 0.0 ], [ 85.834843519314731, 26.333773469647333, 0.0 ], [ 85.835029034492692, 26.333227500604615, 0.0 ], [ 85.835244665630867, 26.332505454317822, 0.0 ], [ 85.835590474842647, 26.331630080906908, 0.0 ], [ 85.835827992555679, 26.331033982795141, 0.0 ], [ 85.835991701599255, 26.33022212484849, 0.0 ], [ 85.83608715831339, 26.329333069814624, 0.0 ], [ 85.836135156671062, 26.328920975925612, 0.0 ], [ 85.836187551116524, 26.328471139877994, 0.0 ], [ 85.836237748883278, 26.328110143953928, 0.0 ], [ 85.836217854672554, 26.327694951598168, 0.0 ], [ 85.836097892587347, 26.327207531594549, 0.0 ], [ 85.835957738145368, 26.326805807314887, 0.0 ], [ 85.835589738982378, 26.326433380988838, 0.0 ], [ 85.835058883975051, 26.32652916859432, 0.0 ], [ 85.834771074582747, 26.326178178669565, 0.0 ], [ 85.8345708574073, 26.325771992400114, 0.0 ], [ 85.834355710647458, 26.325316118829377, 0.0 ], [ 85.834230586227577, 26.324955052812935, 0.0 ], [ 85.833930081049218, 26.324959470502044, 0.0 ], [ 85.833441754807197, 26.325245892986025, 0.0 ], [ 85.833028598673138, 26.325329246571165, 0.0 ], [ 85.832407562442199, 26.325256838999746, 0.0 ], [ 85.831891778494239, 26.325188987226749, 0.0 ], [ 85.831415910889547, 26.325396461184138, 0.0 ], [ 85.831015191840393, 26.325612943475086, 0.0 ], [ 85.831408076141045, 26.326321618252379, 0.0 ], [ 85.831075063462265, 26.326285408170147, 0.0 ], [ 85.830674391757441, 26.326217587855311, 0.0 ], [ 85.83027376154854, 26.326285191276124, 0.0 ], [ 85.830088378832869, 26.326537825421198, 0.0 ], [ 85.829777753306061, 26.326831057219707, 0.0 ], [ 85.829467210774183, 26.326966383406777, 0.0 ], [ 85.829096573461953, 26.327119726650007, 0.0 ], [ 85.828560580393457, 26.327327151979969, 0.0 ], [ 85.827834224999236, 26.327872932900647, 0.0 ], [ 85.827233095974108, 26.328220209720769, 0.0 ], [ 85.826652089225433, 26.328260686531603, 0.0 ], [ 85.82618631881914, 26.328319168182798, 0.0 ], [ 85.825910790026683, 26.328607894116264, 0.0 ], [ 85.825785353805244, 26.328955358494316, 0.0 ], [ 85.825585001145839, 26.32918095897125, 0.0 ], [ 85.825509667340654, 26.329636721630973, 0.0 ], [ 85.825169120012916, 26.329636639641684, 0.0 ], [ 85.824583114792347, 26.329595811816265, 0.0 ], [ 85.823962171348569, 26.32958205215769, 0.0 ], [ 85.822960514984075, 26.329527515170678, 0.0 ], [ 85.822533894259593, 26.329413813846489, 0.0 ], [ 85.822434902012262, 26.329053456227523, 0.0 ], [ 85.82214479445237, 26.328177857362359, 0.0 ], [ 85.821744571821696, 26.327135231480767, 0.0 ], [ 85.821434475349363, 26.326453665099969, 0.0 ], [ 85.821169202398664, 26.32606543460231, 0.0 ], [ 85.820863818792418, 26.325690686668555, 0.0 ], [ 85.820643803793615, 26.325117476762628, 0.0 ], [ 85.820649038042262, 26.324521743226793, 0.0 ], [ 85.820639399822539, 26.323880926383517, 0.0 ], [ 85.820624547556662, 26.323339378013774, 0.0 ], [ 85.820689937621836, 26.322739174163171, 0.0 ], [ 85.820505084249021, 26.321949302643748, 0.0 ], [ 85.820290033194553, 26.321321963699845, 0.0 ], [ 85.820280333672244, 26.320667603689472, 0.0 ], [ 85.82037568461898, 26.320126059102019, 0.0 ], [ 85.820405905628959, 26.319832707258847, 0.0 ], [ 85.820436089855647, 26.319552898632903, 0.0 ], [ 85.820281044902757, 26.319124132635448, 0.0 ], [ 85.82009589188398, 26.318690786058546, 0.0 ], [ 85.819785724919058, 26.318216866060634, 0.0 ], [ 85.819585554714891, 26.317842170008902, 0.0 ], [ 85.819240224874505, 26.317467450542068, 0.0 ], [ 85.81878980493245, 26.316826433495393, 0.0 ], [ 85.818499595723225, 26.316311867731674, 0.0 ], [ 85.818234354122069, 26.315923632541235, 0.0 ], [ 85.818099393486918, 26.31556034984494, 0.0 ], [ 85.818454977545542, 26.315377703993189, 0.0 ], [ 85.819301292061922, 26.315337366635685, 0.0 ], [ 85.820042445633121, 26.315324147557746, 0.0 ], [ 85.820523133883114, 26.315410079030929, 0.0 ], [ 85.820936285630992, 26.315312044153607, 0.0 ], [ 85.820858883116898, 26.314949869487471, 0.0 ], [ 85.820313368829318, 26.314281712083812, 0.0 ], [ 85.819467409907418, 26.313487122143826, 0.0 ], [ 85.819097048265732, 26.313112467528278, 0.0 ], [ 85.819450276523227, 26.312756049438679, 0.0 ], [ 85.819142498694461, 26.31240394035553, 0.0 ], [ 85.81872706826573, 26.311929873574897, 0.0 ], [ 85.817901283930055, 26.311094632648267, 0.0 ], [ 85.818071620132557, 26.31087357920816, 0.0 ], [ 85.818272081558092, 26.310571293929318, 0.0 ], [ 85.818056830993442, 26.310386200036898, 0.0 ], [ 85.817781459593704, 26.310286785705369, 0.0 ], [ 85.817456124544137, 26.310106155486832, 0.0 ], [ 85.817145743424163, 26.309952552666768, 0.0 ], [ 85.817056998970855, 26.309616306301528, 0.0 ], [ 85.817426448225689, 26.309338957464469, 0.0 ], [ 85.81773197889774, 26.309131477899296, 0.0 ], [ 85.818057505254444, 26.308937525096709, 0.0 ], [ 85.818358122321754, 26.30870070729485, 0.0 ], [ 85.818368365931747, 26.308283277441923, 0.0 ], [ 85.81819823049986, 26.307922188239466, 0.0 ], [ 85.818113267252656, 26.307667161092354, 0.0 ], [ 85.817812773464169, 26.307714430440086, 0.0 ], [ 85.817041593419049, 26.307808917340687, 0.0 ], [ 85.816250418912347, 26.307840127674549, 0.0 ], [ 85.815704598111765, 26.307907577440663, 0.0 ], [ 85.815444327055673, 26.307772079818164, 0.0 ], [ 85.815319278027502, 26.307410998650163, 0.0 ], [ 85.815149361688768, 26.306950596732271, 0.0 ], [ 85.814994308252949, 26.306476683795232, 0.0 ], [ 85.815164774824453, 26.306075159576249, 0.0 ], [ 85.815335300389592, 26.305628403884633, 0.0 ], [ 85.815645889399079, 26.305267489471557, 0.0 ], [ 85.815946542366618, 26.304780186532739, 0.0 ], [ 85.816367312144749, 26.304419367256884, 0.0 ], [ 85.816858211884394, 26.30412620609567, 0.0 ], [ 85.817354028629808, 26.303792455702045, 0.0 ], [ 85.817784768596042, 26.303652727734857, 0.0 ], [ 85.818280600786167, 26.303445370534373, 0.0 ], [ 85.818956601966676, 26.303152281827497, 0.0 ], [ 85.819762887052462, 26.302931404800084, 0.0 ], [ 85.820378802942358, 26.302764662931093, 0.0 ], [ 85.820719507824279, 26.302444423165763, 0.0 ], [ 85.82067981407549, 26.301595985183745, 0.0 ], [ 85.820620099096189, 26.300706837601169, 0.0 ], [ 85.820420252741599, 26.299817710921303, 0.0 ], [ 85.820235396307893, 26.29894215997038, 0.0 ], [ 85.820040417954488, 26.298314803172293, 0.0 ], [ 85.819795267957076, 26.297953640072027, 0.0 ], [ 85.819394930203657, 26.297606006557046, 0.0 ], [ 85.818759188002616, 26.297231154050525, 0.0 ], [ 85.817988308251302, 26.296937523671968, 0.0 ], [ 85.817443940208989, 26.296834423942499, 0.0 ], [ 85.816912050738793, 26.296603091185958, 0.0 ], [ 85.81610329229126, 26.29625403294769, 0.0 ], [ 85.815347321781658, 26.295915515821896, 0.0 ], [ 85.815204798697906, 26.295559449860821, 0.0 ], [ 85.815467112167141, 26.294952862331133, 0.0 ], [ 85.815821636698061, 26.294517673682705, 0.0 ], [ 85.816216521975974, 26.29399763750417, 0.0 ], [ 85.816733210321715, 26.293795977181592, 0.0 ], [ 85.817474301471478, 26.293597686443903, 0.0 ], [ 85.818120314688286, 26.293322680434944, 0.0 ], [ 85.819131991892533, 26.292515211635642, 0.0 ], [ 85.821045141040997, 26.291166583990051, 0.0 ], [ 85.822123624169251, 26.290332871727802, 0.0 ], [ 85.823228796906335, 26.289497656132365, 0.0 ], [ 85.823984974646066, 26.288951773104341, 0.0 ], [ 85.82494146197007, 26.288315798654491, 0.0 ], [ 85.826038147104327, 26.287770163913585, 0.0 ], [ 85.827009536202752, 26.287422932609637, 0.0 ], [ 85.827885824091439, 26.286981023150851, 0.0 ], [ 85.828276235621004, 26.286806413450691, 0.0 ], [ 85.828266603285286, 26.286353774160705, 0.0 ], [ 85.828251770061016, 26.285866393524802, 0.0 ], [ 85.828321991512979, 26.285401555961101, 0.0 ], [ 85.828607380481486, 26.285311434589591, 0.0 ], [ 85.829178157011739, 26.285270950620028, 0.0 ], [ 85.829778914130301, 26.285216986213221, 0.0 ], [ 85.830444778351506, 26.285172126745245, 0.0 ], [ 85.831165659577891, 26.285203911231587, 0.0 ], [ 85.831676341443412, 26.285068672025364, 0.0 ], [ 85.831631366963833, 26.284784364065278, 0.0 ], [ 85.831536582676463, 26.284048684502654, 0.0 ], [ 85.831446693106685, 26.283394299770968, 0.0 ], [ 85.831762168235429, 26.283254490314825, 0.0 ], [ 85.832237795354402, 26.283033464892654, 0.0 ], [ 85.832838607440607, 26.282812553103557, 0.0 ], [ 85.833134092734184, 26.282643417869476, 0.0 ], [ 85.833019110889623, 26.282128859130626, 0.0 ], [ 85.83345976514731, 26.281919101540584, 0.0 ], [ 85.834045521629662, 26.281811006912058, 0.0 ], [ 85.835061900810345, 26.281504441229874, 0.0 ], [ 85.83592802640436, 26.281310587419362, 0.0 ], [ 85.836613870492755, 26.281017399480792, 0.0 ], [ 85.837229718246263, 26.280823495484256, 0.0 ], [ 85.837905637326685, 26.280570938923269, 0.0 ], [ 85.838631670097016, 26.280223626456959, 0.0 ], [ 85.83934264064743, 26.279889910521383, 0.0 ], [ 85.840212495624783, 26.279551810949986, 0.0 ], [ 85.840624285182628, 26.279542745457956, 0.0 ], [ 85.841084814170571, 26.279628532441681, 0.0 ], [ 85.841680446066633, 26.280016775523521, 0.0 ], [ 85.842250923743762, 26.280558476755402, 0.0 ], [ 85.842976670149397, 26.281298788908909, 0.0 ], [ 85.84350205462988, 26.282147357446153, 0.0 ], [ 85.844087516625166, 26.282937272204446, 0.0 ], [ 85.844367837991186, 26.283190066970082, 0.0 ], [ 85.844743275849012, 26.28327138922246, 0.0 ], [ 85.845479249339746, 26.283176712432727, 0.0 ], [ 85.846795849628577, 26.283064150752022, 0.0 ], [ 85.847551790321191, 26.28302372700583, 0.0 ], [ 85.848257699461556, 26.282978744452219, 0.0 ], [ 85.848878502605089, 26.282951764708109, 0.0 ], [ 85.849449230182685, 26.28292474200563, 0.0 ], [ 85.849845970031424, 26.282948145162379, 0.0 ], [ 85.850235227033039, 26.282852674830274, 0.0 ], [ 85.850310414909018, 26.282469119364517, 0.0 ], [ 85.850565774572104, 26.282085561407897, 0.0 ], [ 85.85097132203687, 26.281634319847342, 0.0 ], [ 85.851547163804611, 26.281097405232881, 0.0 ], [ 85.851937730591132, 26.280804128115268, 0.0 ], [ 85.852563509438596, 26.28044312056425, 0.0 ], [ 85.85326948771602, 26.279951388686904, 0.0 ], [ 85.853965465085395, 26.279355745711793, 0.0 ], [ 85.854756607764443, 26.278511946170401, 0.0 ], [ 85.855492635134894, 26.277650096050852, 0.0 ], [ 85.855779207200328, 26.277991939569805, 0.0 ], [ 85.856268406338359, 26.278433129442956, 0.0 ], [ 85.857049336917996, 26.278670161637535, 0.0 ], [ 85.85754987971751, 26.278904912745805, 0.0 ], [ 85.858022883289266, 26.279216411273278, 0.0 ], [ 85.858105438521036, 26.279893340936528, 0.0 ], [ 85.858215440948271, 26.280421385049614, 0.0 ], [ 85.858400594945579, 26.281170590791223, 0.0 ], [ 85.858460587445322, 26.281784277216516, 0.0 ], [ 85.858570594676891, 26.282199556759366, 0.0 ], [ 85.858891040978904, 26.282172491866607, 0.0 ], [ 85.859416692982137, 26.282104893906187, 0.0 ], [ 85.859927333969921, 26.282046204108767, 0.0 ], [ 85.861008651797533, 26.281852282214324, 0.0 ], [ 85.861639526196626, 26.281685386714329, 0.0 ], [ 85.862480542296908, 26.281464267541566, 0.0 ], [ 85.86308133204929, 26.281383167540881, 0.0 ], [ 85.863421674343854, 26.281369612529012, 0.0 ], [ 85.863852261631266, 26.28143730362844, 0.0 ], [ 85.864177588782084, 26.281577291372667, 0.0 ], [ 85.864533036282964, 26.281771325778973, 0.0 ], [ 85.865013635389943, 26.281938361260067, 0.0 ], [ 85.865444128901117, 26.282118902688076, 0.0 ], [ 85.865934746713449, 26.282285923722888, 0.0 ], [ 85.86630517759383, 26.282412360010927, 0.0 ], [ 85.866630600536396, 26.282398769255146, 0.0 ], [ 85.866948471511179, 26.282301786030946, 0.0 ], [ 85.86701611573983, 26.2819520163204, 0.0 ], [ 85.86704618702008, 26.28153685634911, 0.0 ], [ 85.867131295551005, 26.281069765159842, 0.0 ], [ 85.867641962921965, 26.280909567532827, 0.0 ], [ 85.868162589809415, 26.280656906214681, 0.0 ], [ 85.868748278874378, 26.28020107367378, 0.0 ], [ 85.869303207973104, 26.27997359605558, 0.0 ], [ 85.869969843561051, 26.279948420964633, 0.0 ], [ 85.870295204544917, 26.279754342144088, 0.0 ], [ 85.870755825457636, 26.279461022366071, 0.0 ], [ 85.87152673630122, 26.279226386993336, 0.0 ], [ 85.872522975246056, 26.278919484854018, 0.0 ], [ 85.873048571811097, 26.278793151707088, 0.0 ], [ 85.873700287004795, 26.27869602413632, 0.0 ], [ 85.874204938810905, 26.278693885374004, 0.0 ], [ 85.874960892044697, 26.278752538692245, 0.0 ], [ 85.875596671696798, 26.278779639787487, 0.0 ], [ 85.875997164453636, 26.278779617273404, 0.0 ], [ 85.876272446613939, 26.278626212558652, 0.0 ], [ 85.876382552180587, 26.278278666075053, 0.0 ], [ 85.876412644975005, 26.277764189931531, 0.0 ], [ 85.876622883970867, 26.27751145958603, 0.0 ], [ 85.877120952614277, 26.277434777510301, 0.0 ], [ 85.877338725459509, 26.27709628862976, 0.0 ], [ 85.87763910973608, 26.276956349134654, 0.0 ], [ 85.877904325025312, 26.276703640444278, 0.0 ], [ 85.878364945633678, 26.276396751928157, 0.0 ], [ 85.878720356261582, 26.2761891653678, 0.0 ], [ 85.879180812061165, 26.275909358338122, 0.0 ], [ 85.879401164201496, 26.27572879386771, 0.0 ], [ 85.879431177978603, 26.275439937372543, 0.0 ], [ 85.879506201959657, 26.274979620205567, 0.0 ], [ 85.879686405648229, 26.274354586788768, 0.0 ], [ 85.880186999614793, 26.274185371747159, 0.0 ], [ 85.881283287472357, 26.274090544181902, 0.0 ], [ 85.8825536069984, 26.27419953347189, 0.0 ], [ 85.882584822597707, 26.274492065195734, 0.0 ], [ 85.882534739296403, 26.275078796670027, 0.0 ], [ 85.882289558805724, 26.276053586566128, 0.0 ], [ 85.882164414565977, 26.276707988677625, 0.0 ], [ 85.881979230049396, 26.277096124378588, 0.0 ], [ 85.882136905882732, 26.277457181509472, 0.0 ], [ 85.882554985689879, 26.277764018948915, 0.0 ], [ 85.882845357970538, 26.277958043589067, 0.0 ], [ 85.883185771100969, 26.277998702331466, 0.0 ], [ 85.883601242396026, 26.27797159899799, 0.0 ], [ 85.884056815197241, 26.277971530174629, 0.0 ], [ 85.88458237204982, 26.278057232316073, 0.0 ], [ 85.885077979872264, 26.278237770708511, 0.0 ], [ 85.885603693152134, 26.278391183326676, 0.0 ], [ 85.88618685210929, 26.278501659644121, 0.0 ], [ 85.88633952320383, 26.278030068328686, 0.0 ], [ 85.886464579164155, 26.277623854959451, 0.0 ], [ 85.886745135471315, 26.277031644104667, 0.0 ], [ 85.887115286777146, 26.276915290383982, 0.0 ], [ 85.887821140871722, 26.276734684794441, 0.0 ], [ 85.888441866804882, 26.276648847324338, 0.0 ], [ 85.888857362414839, 26.276513476591433, 0.0 ], [ 85.889357967466836, 26.276400613042838, 0.0 ], [ 85.889803434628206, 26.276251658709921, 0.0 ], [ 85.890439135596537, 26.276012353292742, 0.0 ], [ 85.890884713812298, 26.275872425233278, 0.0 ], [ 85.891225053774335, 26.275899430728131, 0.0 ], [ 85.891570502209163, 26.276068629544401, 0.0 ], [ 85.891715777475738, 26.276625950531987, 0.0 ], [ 85.891856045625147, 26.277167568938548, 0.0 ], [ 85.891986212915029, 26.277528584186861, 0.0 ], [ 85.892301549567321, 26.277542077494147, 0.0 ], [ 85.892766619392546, 26.277598779368304, 0.0 ], [ 85.894193933593655, 26.277848740126046, 0.0 ], [ 85.895060005771455, 26.278029118190851, 0.0 ], [ 85.895705754194367, 26.278209511639179, 0.0 ], [ 85.896141289002401, 26.278295201040869, 0.0 ], [ 85.896646960528358, 26.278462143480791, 0.0 ], [ 85.897082433605902, 26.278448517295448, 0.0 ], [ 85.897683193599391, 26.278642459240164, 0.0 ], [ 85.89817383020555, 26.278768743529174, 0.0 ], [ 85.89859435300275, 26.278949200086132, 0.0 ], [ 85.898869761446988, 26.279129715532978, 0.0 ], [ 85.899140134913068, 26.279323735976295, 0.0 ], [ 85.89928033999287, 26.279653086679645, 0.0 ], [ 85.89928043013559, 26.280099907690722, 0.0 ], [ 85.899280573696345, 26.280880692714504, 0.0 ], [ 85.8992207237022, 26.281810348431272, 0.0 ], [ 85.899366131088271, 26.282618158279281, 0.0 ], [ 85.899521419861244, 26.283132618583991, 0.0 ], [ 85.899766758257087, 26.283592876107914, 0.0 ], [ 85.900002200322277, 26.283913296112217, 0.0 ], [ 85.900292635884981, 26.28432839511181, 0.0 ], [ 85.90047791404659, 26.28459462003924, 0.0 ], [ 85.900913530265768, 26.284982660778478, 0.0 ], [ 85.901143877514613, 26.285217268972712, 0.0 ], [ 85.901529376632581, 26.285429320451584, 0.0 ], [ 85.90186988768906, 26.285569159277543, 0.0 ], [ 85.902330526349246, 26.285704499748139, 0.0 ], [ 85.902886219824552, 26.285902952069659, 0.0 ], [ 85.903672248298747, 26.285997528704584, 0.0 ], [ 85.904298043725646, 26.28598389011642, 0.0 ], [ 85.905439469449831, 26.285870805663691, 0.0 ], [ 85.90623043764667, 26.285983463638093, 0.0 ], [ 85.906861255420338, 26.286064560669995, 0.0 ], [ 85.907677294318631, 26.286077906672588, 0.0 ], [ 85.908483329050554, 26.285983011156262, 0.0 ], [ 85.909219277738202, 26.285842887027968, 0.0 ], [ 85.90998514834304, 26.285662177584889, 0.0 ], [ 85.910881218571475, 26.285567229576262, 0.0 ], [ 85.911526968807692, 26.285368445494168, 0.0 ], [ 85.912438114961176, 26.285106484791758, 0.0 ], [ 85.91357940725868, 26.284898625555769, 0.0 ], [ 85.914991158156553, 26.284631950232274, 0.0 ], [ 85.915641915315661, 26.284550556234912, 0.0 ], [ 85.916442846397075, 26.284410433870093, 0.0 ], [ 85.917353921348422, 26.284229606956607, 0.0 ], [ 85.918295089417995, 26.284075906519409, 0.0 ], [ 85.919141082981653, 26.283989918296182, 0.0 ], [ 85.919657276580651, 26.284000712220003, 0.0 ], [ 85.919651918787238, 26.284427495250281, 0.0 ], [ 85.919562026572677, 26.285081927654996, 0.0 ], [ 85.919667350275517, 26.285497039776605, 0.0 ], [ 85.919841142589107, 26.285769907039359, 0.0 ], [ 85.920067996659569, 26.286002402340973, 0.0 ], [ 85.920676484086911, 26.286446714120093, 0.0 ], [ 85.920849321764507, 26.286769384043293, 0.0 ], [ 85.920849634077797, 26.287482368782836, 0.0 ], [ 85.920834724246589, 26.287870482851559, 0.0 ], [ 85.920990057390668, 26.28821798478236, 0.0 ], [ 85.921716399521372, 26.289138394777943, 0.0 ], [ 85.921886660650458, 26.289377485348748, 0.0 ], [ 85.921886773280605, 26.289641526093224, 0.0 ], [ 85.921566503032139, 26.289946224286521, 0.0 ], [ 85.920980780117333, 26.290032196083416, 0.0 ], [ 85.91986926551597, 26.290005505563823, 0.0 ], [ 85.919308574495986, 26.290059788818564, 0.0 ], [ 85.918953191027143, 26.290159224316724, 0.0 ], [ 85.918793088959021, 26.290380389787856, 0.0 ], [ 85.918718126701606, 26.290741416817045, 0.0 ], [ 85.918873414153623, 26.291147515649168, 0.0 ], [ 85.919194013377549, 26.291689023878313, 0.0 ], [ 85.919599779381784, 26.292162735494149, 0.0 ], [ 85.91994028232422, 26.292329618426692, 0.0 ], [ 85.920511106795388, 26.292415171060615, 0.0 ], [ 85.921302219281031, 26.292735402905649, 0.0 ], [ 85.921702906341835, 26.293055677177634, 0.0 ], [ 85.921862555239272, 26.293405546890238, 0.0 ], [ 85.921603017414384, 26.293719109103431, 0.0 ], [ 85.921162487826066, 26.293710244795449, 0.0 ], [ 85.920791856122904, 26.293529776264553, 0.0 ], [ 85.920371121065571, 26.293314268432365, 0.0 ], [ 85.919570061955639, 26.293110505830601, 0.0 ], [ 85.919104541321545, 26.293237010266157, 0.0 ], [ 85.918928320433366, 26.293554880461183, 0.0 ], [ 85.918724567762979, 26.294798607362342, 0.0 ], [ 85.918975332956066, 26.295818461066119, 0.0 ], [ 85.919276369724315, 26.297434032559394, 0.0 ], [ 85.91932667729958, 26.298187659663487, 0.0 ], [ 85.91926173321788, 26.298634443000307, 0.0 ], [ 85.919061626589667, 26.298923381773339, 0.0 ], [ 85.918551090362925, 26.299289070891014, 0.0 ], [ 85.918040414106017, 26.299550929217556, 0.0 ], [ 85.91784026044904, 26.299844380473225, 0.0 ], [ 85.917745280065887, 26.300191893256539, 0.0 ], [ 85.917765446581924, 26.30065222750417, 0.0 ], [ 85.917925850772036, 26.301058366074386, 0.0 ], [ 85.918346747891263, 26.30187952246067, 0.0 ], [ 85.918437005792882, 26.302213534938367, 0.0 ], [ 85.918422062232167, 26.302506848178101, 0.0 ], [ 85.918066745225744, 26.302940154844684, 0.0 ], [ 85.917541054916938, 26.303274306024537, 0.0 ], [ 85.917000509021818, 26.303676146737473, 0.0 ], [ 85.916940459572785, 26.303983023671346, 0.0 ], [ 85.91716342013342, 26.304249197084058, 0.0 ], [ 85.917726704810534, 26.304316782454251, 0.0 ], [ 85.918287437991026, 26.304081938447176, 0.0 ], [ 85.919508926215187, 26.303314332883016, 0.0 ], [ 85.920139688012839, 26.303034323734963, 0.0 ], [ 85.920525218770393, 26.30299361758258, 0.0 ], [ 85.920930758203113, 26.30302050457588, 0.0 ], [ 85.921206232948023, 26.303214522035628, 0.0 ], [ 85.9214566983905, 26.303480670081946, 0.0 ], [ 85.921597059005222, 26.303954548600604, 0.0 ], [ 85.92158731529112, 26.304401295205611, 0.0 ], [ 85.921477257433295, 26.304690192601022, 0.0 ], [ 85.92124695204599, 26.304929431278232, 0.0 ], [ 85.920861522564849, 26.30505591009296, 0.0 ], [ 85.920290853495601, 26.30539009442391, 0.0 ], [ 85.91981028761677, 26.305697055553047, 0.0 ], [ 85.919529988889209, 26.305990537412079, 0.0 ], [ 85.919359828544628, 26.306311030934804, 0.0 ], [ 85.919359935745177, 26.306699076711002, 0.0 ], [ 85.919455263113491, 26.307145893240843, 0.0 ], [ 85.919530606607154, 26.307619734199534, 0.0 ], [ 85.919485643012393, 26.308039401047584, 0.0 ], [ 85.919255553778939, 26.308513378479855, 0.0 ], [ 85.919160518562506, 26.308887976452318, 0.0 ], [ 85.91919060604009, 26.309154182764889, 0.0 ], [ 85.91948612718339, 26.309348175024869, 0.0 ], [ 85.919856707523564, 26.309420305539483, 0.0 ], [ 85.920137093525554, 26.309334479460023, 0.0 ], [ 85.920612779070808, 26.309253011410359, 0.0 ], [ 85.920938249992176, 26.309252932839804, 0.0 ], [ 85.921203712962367, 26.309361195497928, 0.0 ], [ 85.921559301949699, 26.309559607315229, 0.0 ], [ 85.922100043595151, 26.309527829266337, 0.0 ], [ 85.922685896658891, 26.3094058322805, 0.0 ], [ 85.92319649965313, 26.30911226883083, 0.0 ], [ 85.923491872601915, 26.308845978512455, 0.0 ], [ 85.92365185270522, 26.308360746493559, 0.0 ], [ 85.922905771201258, 26.308345191126111, 0.0 ], [ 85.92231493959477, 26.308345356742532, 0.0 ], [ 85.922084495966857, 26.308133351703262, 0.0 ], [ 85.922174521019471, 26.307844484127649, 0.0 ], [ 85.922369694425782, 26.307591708459398, 0.0 ], [ 85.923761269938439, 26.306544197223332, 0.0 ], [ 85.925613449922523, 26.305329574806663, 0.0 ], [ 85.926899928612826, 26.304647712314882, 0.0 ], [ 85.92730487351362, 26.304579700115699, 0.0 ], [ 85.927896270878222, 26.304480370918171, 0.0 ], [ 85.928672398147327, 26.304425949643033, 0.0 ], [ 85.92942851120992, 26.304565487395113, 0.0 ], [ 85.93004946930111, 26.304718730488048, 0.0 ], [ 85.930730658867404, 26.305120162324368, 0.0 ], [ 85.932779232507784, 26.306513803241145, 0.0 ], [ 85.933881980562958, 26.307226755772351, 0.0 ], [ 85.934306954939956, 26.307501506681309, 0.0 ], [ 85.934817896553753, 26.307835295134797, 0.0 ], [ 85.935253555918464, 26.307835099289843, 0.0 ], [ 85.93573424231603, 26.307807789299677, 0.0 ], [ 85.936164948185564, 26.307988124615623, 0.0 ], [ 85.936490615253092, 26.308394204585476, 0.0 ], [ 85.937217135799685, 26.309255855238806, 0.0 ], [ 85.937823201422432, 26.309508268573982, 0.0 ], [ 85.938504203830135, 26.309661468706313, 0.0 ], [ 85.93926029225122, 26.309588875964625, 0.0 ], [ 85.939588484611846, 26.309354334749433, 0.0 ], [ 85.940379155099976, 26.309093535584491, 0.0 ], [ 85.940774394805345, 26.308647557168062, 0.0 ], [ 85.940911963303975, 26.308247796374438, 0.0 ], [ 85.941207186717065, 26.307927296264619, 0.0 ], [ 85.941622618696897, 26.307606599427874, 0.0 ], [ 85.94211817371081, 26.307353664513947, 0.0 ], [ 85.942809080111473, 26.307132232930424, 0.0 ], [ 85.943790399831215, 26.306964760819803, 0.0 ], [ 85.944576523443928, 26.306869608327155, 0.0 ], [ 85.945407599471721, 26.306688740545361, 0.0 ], [ 85.946318720003916, 26.30646259121778, 0.0 ], [ 85.946729360706144, 26.306475944814586, 0.0 ], [ 85.946984903214869, 26.306669903462243, 0.0 ], [ 85.947305642148834, 26.307170633378792, 0.0 ], [ 85.947900911845124, 26.307917103591436, 0.0 ], [ 85.948172215446832, 26.307684665753708, 0.0 ], [ 85.948327210165445, 26.307382263042772, 0.0 ], [ 85.948637410736737, 26.306975905632619, 0.0 ], [ 85.949002644446296, 26.30642061809947, 0.0 ], [ 85.949312780095212, 26.306009789156885, 0.0 ], [ 85.949708242552873, 26.305878746870984, 0.0 ], [ 85.950264013452994, 26.30581076748928, 0.0 ], [ 85.950894927665502, 26.305796875414533, 0.0 ], [ 85.951375616106006, 26.305823683561119, 0.0 ], [ 85.951806210502795, 26.305751262134311, 0.0 ], [ 85.952101515223092, 26.305629277441287, 0.0 ], [ 85.952499428583252, 26.305319886668869, 0.0 ], [ 85.952965122887363, 26.305326401785404, 0.0 ], [ 85.953503545469019, 26.305583356504577, 0.0 ], [ 85.954039326046399, 26.305549209075313, 0.0 ], [ 85.954700171009449, 26.305420178530632, 0.0 ], [ 85.955270942426822, 26.305365741208036, 0.0 ], [ 85.955891888606246, 26.305446644580449, 0.0 ], [ 85.956492840980971, 26.30554554656409, 0.0 ], [ 85.956998516282511, 26.305545252297026, 0.0 ], [ 85.957539289174548, 26.305585568826885, 0.0 ], [ 85.957943162890729, 26.305663388990322, 0.0 ], [ 85.958295679494242, 26.305878533368723, 0.0 ], [ 85.958681278660762, 26.306031749937286, 0.0 ], [ 85.959036833617688, 26.306072160376161, 0.0 ], [ 85.959462510277888, 26.306112537297743, 0.0 ], [ 85.960108413588145, 26.306057993845783, 0.0 ], [ 85.960508852334371, 26.305985508404262, 0.0 ], [ 85.960909390908256, 26.30589054030348, 0.0 ], [ 85.961480068414588, 26.305678078252285, 0.0 ], [ 85.961875652225871, 26.305734256201326, 0.0 ], [ 85.961931229998356, 26.306332123464163, 0.0 ], [ 85.961886707486471, 26.307112953228962, 0.0 ], [ 85.962022367625934, 26.307695013801656, 0.0 ], [ 85.962208056169899, 26.308249989784183, 0.0 ], [ 85.962463656285152, 26.308558990298909, 0.0 ], [ 85.962859250449441, 26.308615120477601, 0.0 ], [ 85.96336490232413, 26.308461408193896, 0.0 ], [ 85.963935527742294, 26.308266993389186, 0.0 ], [ 85.964516327996577, 26.308167359290298, 0.0 ], [ 85.965332480574901, 26.30808558196636, 0.0 ], [ 85.965858343161003, 26.308238706896855, 0.0 ], [ 85.966584499098218, 26.308319510306067, 0.0 ], [ 85.96724544045054, 26.3083325775277, 0.0 ], [ 85.96795636569945, 26.308165158509517, 0.0 ], [ 85.968697282845966, 26.308015738443292, 0.0 ], [ 85.969105440604977, 26.30806738219059, 0.0 ], [ 85.969338791899361, 26.308764485448304, 0.0 ], [ 85.969865896305322, 26.31030755491696, 0.0 ], [ 85.970317294373174, 26.311236948480779, 0.0 ], [ 85.971064552645629, 26.312685079203757, 0.0 ], [ 85.971295415974126, 26.313280635392609, 0.0 ], [ 85.971621307211464, 26.313767807534216, 0.0 ], [ 85.972007499253422, 26.314449073517643, 0.0 ], [ 85.972363538033349, 26.315062589480242, 0.0 ], [ 85.973035271495775, 26.315924033392392, 0.0 ], [ 85.973331119414055, 26.316366114928165, 0.0 ], [ 85.973576968952287, 26.316979741706263, 0.0 ], [ 85.973822705379149, 26.317367652832385, 0.0 ], [ 85.97400831681189, 26.317814360765745, 0.0 ], [ 85.974133810929061, 26.318148232596204, 0.0 ], [ 85.974394580466921, 26.318536159728374, 0.0 ], [ 85.974775519663012, 26.319009724040423, 0.0 ], [ 85.975079674716582, 26.319395053731224, 0.0 ], [ 85.976509525221147, 26.320524829069996, 0.0 ], [ 85.978594605608095, 26.322522645480056, 0.0 ], [ 85.978940261748946, 26.322898827902062, 0.0 ], [ 85.979387543478154, 26.322961481752241, 0.0 ], [ 85.979776795696012, 26.322914417248231, 0.0 ], [ 85.98019245198239, 26.32285995244996, 0.0 ], [ 85.980873448302489, 26.322800782052909, 0.0 ], [ 85.981252718328861, 26.322755605651793, 0.0 ], [ 85.981674586076508, 26.322705354663881, 0.0 ], [ 85.982335667211174, 26.322677817155675, 0.0 ], [ 85.983046735998443, 26.322605126232556, 0.0 ], [ 85.983462311044107, 26.322529851709621, 0.0 ], [ 85.9842584429353, 26.322383035759877, 0.0 ], [ 85.984814372106513, 26.322299130687085, 0.0 ], [ 85.985515043011958, 26.322029153588588, 0.0 ], [ 85.985984874944791, 26.321849787687217, 0.0 ], [ 85.986555924578298, 26.321588044910484, 0.0 ], [ 85.987081951290108, 26.321588086601352, 0.0 ], [ 85.987763161641794, 26.32162880138365, 0.0 ], [ 85.988166679418356, 26.321690122757023, 0.0 ], [ 85.988638521706392, 26.321763563789027, 0.0 ], [ 85.989250740500239, 26.321778912441061, 0.0 ], [ 85.98992955631752, 26.321558225611103, 0.0 ], [ 85.990517962252241, 26.321572397954498, 0.0 ], [ 85.99107425232144, 26.321610907794156, 0.0 ], [ 85.991429871096855, 26.321570364577379, 0.0 ], [ 85.991670176089528, 26.321419267970018, 0.0 ], [ 85.991753979226544, 26.321136096023075, 0.0 ], [ 85.991673498261378, 26.320815736626994, 0.0 ], [ 85.991472737021567, 26.320328495953227, 0.0 ], [ 85.991547639179842, 26.320066651560253, 0.0 ], [ 85.991752622817472, 26.319800214679688, 0.0 ], [ 85.99199763187184, 26.319411900860079, 0.0 ], [ 85.992057394307636, 26.319104987833317, 0.0 ], [ 85.991926937168444, 26.318771185663049, 0.0 ], [ 85.9918712417753, 26.31822063638451, 0.0 ], [ 85.992621449576532, 26.317308376600792, 0.0 ], [ 85.993281735671644, 26.316499987524807, 0.0 ], [ 85.993636706978506, 26.3159987723946, 0.0 ], [ 85.993906730366191, 26.315623993412903, 0.0 ], [ 85.993841374377055, 26.31530365077921, 0.0 ], [ 85.993890752029827, 26.314667209422257, 0.0 ], [ 85.99390463862251, 26.313511915124273, 0.0 ], [ 85.994134555597384, 26.313105524963024, 0.0 ], [ 85.994804800679049, 26.312369426184553, 0.0 ], [ 85.995034623542537, 26.31192691858266, 0.0 ], [ 85.994863854130472, 26.311353939834817, 0.0 ], [ 85.994863172167754, 26.310713082949761, 0.0 ], [ 85.995298716475801, 26.310658532431116, 0.0 ], [ 85.996625699302257, 26.310643896677593, 0.0 ], [ 85.997395535288135, 26.309402156944046, 0.0 ], [ 85.996544008111343, 26.309114057123715, 0.0 ], [ 85.997068702284423, 26.308093699699565, 0.0 ], [ 85.997663637929463, 26.307209802743845, 0.0 ], [ 85.998338439419669, 26.307195466895347, 0.0 ], [ 85.998803212164546, 26.307270037948573, 0.0 ], [ 85.999230803181803, 26.307346605244394, 0.0 ], [ 85.999191370890401, 26.306811745172205, 0.0 ], [ 86.000001675122718, 26.306503471269174, 0.0 ], [ 86.000623770359041, 26.306350256835451, 0.0 ], [ 86.002901571609826, 26.305901135150982, 0.0 ], [ 86.003975532692067, 26.305603174661812, 0.0 ], [ 86.00475514839529, 26.305272975177658, 0.0 ], [ 86.005526516182229, 26.304682434596035, 0.0 ], [ 86.007025036994591, 26.303397205142172, 0.0 ], [ 86.008059117231667, 26.302537608897392, 0.0 ], [ 86.009185459593468, 26.302017216926785, 0.0 ], [ 86.010369091960172, 26.301826757139015, 0.0 ], [ 86.01217549729391, 26.302024295336746, 0.0 ], [ 86.012536621566611, 26.302051455977647, 0.0 ], [ 86.013166558005565, 26.302098831289733, 0.0 ], [ 86.013621505673242, 26.301901072853251, 0.0 ], [ 86.013713965172641, 26.301628591429427, 0.0 ], [ 86.011943521568952, 26.301029544702619, 0.0 ], [ 86.009898287465049, 26.300058405004325, 0.0 ], [ 86.00936911103669, 26.299856121461449, 0.0 ], [ 86.009171624325262, 26.299520697609896, 0.0 ], [ 86.00911375298071, 26.299258466100977, 0.0 ], [ 86.008831668353153, 26.298859256876593, 0.0 ], [ 86.007781566806429, 26.298075533423578, 0.0 ], [ 86.007391898093431, 26.297959979466444, 0.0 ], [ 86.006794084584001, 26.297585667002188, 0.0 ], [ 86.006111984771394, 26.297111452572096, 0.0 ], [ 86.005949645921703, 26.29676723918805, 0.0 ], [ 86.005767423457598, 26.295231104406692, 0.0 ], [ 86.00565952028046, 26.2949640115188, 0.0 ], [ 86.005396256957994, 26.294709384135246, 0.0 ], [ 86.004546336166158, 26.294536459548063, 0.0 ], [ 86.003404762694061, 26.294501448699474, 0.0 ], [ 86.002953014234507, 26.294326765239177, 0.0 ], [ 86.002950878943864, 26.293022520168069, 0.0 ], [ 86.00299123360054, 26.291907351040276, 0.0 ], [ 86.00299798928495, 26.291117389975721, 0.0 ], [ 86.002900227806151, 26.290836823104488, 0.0 ], [ 86.002285724932293, 26.29044717195271, 0.0 ], [ 86.001163600223279, 26.29011599461229, 0.0 ], [ 86.000669693371108, 26.289895868521047, 0.0 ], [ 86.000371204727841, 26.289663558729984, 0.0 ], [ 86.000264595079656, 26.289247497680929, 0.0 ], [ 86.000133800612161, 26.288731952352801, 0.0 ], [ 86.000000713048351, 26.288471769238981, 0.0 ], [ 85.999597602665531, 26.287674932146366, 0.0 ], [ 85.99895254154886, 26.286898122889003, 0.0 ], [ 85.998472394707989, 26.286500580909941, 0.0 ], [ 85.998012228171817, 26.286121054259073, 0.0 ], [ 85.997702092486094, 26.285899627904048, 0.0 ], [ 85.998233304542637, 26.28539470776008, 0.0 ], [ 85.998669295810203, 26.28496184703156, 0.0 ], [ 85.999576294775537, 26.284204438014772, 0.0 ], [ 85.999801852739793, 26.283969910548869, 0.0 ], [ 85.999792439354678, 26.283374223508009, 0.0 ], [ 85.99966290242557, 26.282782936638434, 0.0 ], [ 85.999668302671566, 26.282421917741527, 0.0 ], [ 85.999738713220694, 26.282164731073586, 0.0 ], [ 86.000098928660236, 26.281934564040171, 0.0 ], [ 86.000731498384354, 26.281806617583872, 0.0 ], [ 86.000938985207213, 26.281553002704204, 0.0 ], [ 86.000616359451342, 26.280925520798899, 0.0 ], [ 86.000431612636376, 26.280278684485172, 0.0 ], [ 86.000503196123844, 26.279846731815685, 0.0 ], [ 86.000803990383631, 26.279482240228209, 0.0 ], [ 86.001241709254273, 26.279241512658199, 0.0 ], [ 86.001006424631882, 26.278648497102797, 0.0 ], [ 86.000703439706882, 26.277775121494749, 0.0 ], [ 86.00063747753012, 26.276122414696392, 0.0 ], [ 86.000591215084853, 26.275092823916737, 0.0 ], [ 86.000743037947856, 26.27352803713968, 0.0 ], [ 86.00082188456139, 26.272715373456236, 0.0 ], [ 86.000791474320991, 26.272173441339923, 0.0 ], [ 86.000599605799167, 26.271774843829274, 0.0 ], [ 86.000343228389909, 26.271308081672629, 0.0 ], [ 86.000156853069001, 26.270853092597051, 0.0 ], [ 86.000459064279397, 26.270645279911047, 0.0 ], [ 86.001120320435561, 26.270609253034898, 0.0 ], [ 86.001616658368988, 26.270535962097167, 0.0 ], [ 86.001979818064996, 26.27022699784958, 0.0 ], [ 86.002317014299408, 26.270026196049226, 0.0 ], [ 86.002808458352618, 26.269939323233629, 0.0 ], [ 86.003637693012962, 26.269677117731963, 0.0 ], [ 86.003460776688669, 26.267962329407354, 0.0 ], [ 86.003272386941859, 26.267211366472715, 0.0 ], [ 86.003032246692783, 26.266720125785987, 0.0 ], [ 86.002589633843911, 26.26624958489025, 0.0 ], [ 86.002047300326538, 26.265848554170017, 0.0 ], [ 86.001609493060741, 26.265520477121598, 0.0 ], [ 86.0011661150984, 26.26545077296899, 0.0 ], [ 86.000799301622862, 26.265411012185197, 0.0 ], [ 86.000121208670521, 26.265370176725803, 0.0 ], [ 86.000281856759784, 26.265028204870955, 0.0 ], [ 86.000698584061396, 26.264308810851119, 0.0 ], [ 86.000636590228225, 26.263947231766654, 0.0 ], [ 86.000400454887867, 26.263521105593121, 0.0 ], [ 86.000232274024953, 26.263217607974809, 0.0 ], [ 85.999999373166403, 26.262642664903197, 0.0 ], [ 86.000090583696476, 26.262223465519341, 0.0 ], [ 86.000373331614625, 26.261884580657657, 0.0 ], [ 86.000997435792655, 26.261566168444855, 0.0 ], [ 86.001645435803738, 26.261317871619578, 0.0 ], [ 86.002823772955495, 26.261113884776321, 0.0 ], [ 86.003906058459521, 26.261017566386045, 0.0 ], [ 86.005905833938215, 26.260774105012668, 0.0 ], [ 86.007774667267014, 26.260619999352159, 0.0 ], [ 86.009164293653171, 26.260295531714014, 0.0 ], [ 86.009705986149072, 26.260181895013648, 0.0 ], [ 86.00990053433955, 26.259971061505585, 0.0 ], [ 86.009999392542667, 26.259235903494254, 0.0 ], [ 86.009967677644426, 26.258842936099466, 0.0 ], [ 86.010065516396779, 26.258523090836967, 0.0 ], [ 86.010292602086253, 26.258312481820827, 0.0 ], [ 86.010593596391388, 26.258242325781552, 0.0 ], [ 86.012212430021719, 26.258043551758533, 0.0 ], [ 86.012759859284571, 26.257841912675779, 0.0 ], [ 86.013146081574519, 26.257257766075309, 0.0 ], [ 86.012702449054544, 26.256934131898284, 0.0 ], [ 86.012624675809036, 26.256658220800041, 0.0 ], [ 86.012482280765383, 26.256327693582474, 0.0 ], [ 86.012218741474427, 26.256113706478661, 0.0 ], [ 86.011894861671664, 26.255930904678451, 0.0 ], [ 86.011545148203922, 26.255842725055544, 0.0 ], [ 86.01119551221764, 26.255745517637788, 0.0 ], [ 86.010947225953785, 26.25550454672937, 0.0 ], [ 86.010771092808923, 26.255020297535488, 0.0 ], [ 86.010602070279873, 26.254287807182649, 0.0 ], [ 86.010427087918956, 26.253668134617975, 0.0 ], [ 86.011093176045605, 26.253641121474946, 0.0 ], [ 86.012661673117535, 26.253466822804675, 0.0 ], [ 86.013377555185031, 26.253471742642375, 0.0 ], [ 86.013889861197057, 26.253276628190346, 0.0 ], [ 86.014102177135939, 26.253034310802342, 0.0 ], [ 86.014273293994322, 26.251148481614056, 0.0 ], [ 86.014269758399593, 26.250381015193227, 0.0 ], [ 86.014253010494713, 26.250003402380969, 0.0 ], [ 86.014212131161472, 26.249245605884305, 0.0 ], [ 86.014093841570698, 26.246686960622888, 0.0 ], [ 86.018771138143066, 26.246802332570528, 0.0 ], [ 86.01999173661234, 26.246831242887314, 0.0 ], [ 86.022395435446469, 26.246743789697057, 0.0 ], [ 86.023658089950843, 26.246612430826168, 0.0 ], [ 86.024506121376476, 26.246374415602027, 0.0 ], [ 86.025555325598347, 26.246024900996066, 0.0 ], [ 86.026377002087457, 26.245944698231135, 0.0 ], [ 86.028333282241775, 26.246079831445286, 0.0 ], [ 86.030739422716465, 26.246299232427408, 0.0 ], [ 86.031430011046183, 26.246330976767396, 0.0 ], [ 86.03151191890862, 26.244904983813083, 0.0 ], [ 86.032352973005388, 26.244901623119098, 0.0 ], [ 86.032353462997222, 26.244238011842452, 0.0 ], [ 86.031693183953919, 26.24417487630317, 0.0 ], [ 86.03187554414059, 26.24210400299129, 0.0 ], [ 86.031930261104193, 26.239124877979386, 0.0 ], [ 86.03200953761467, 26.238014873545772, 0.0 ], [ 86.032010851352013, 26.237251950928719, 0.0 ], [ 86.032222913195312, 26.237032174673224, 0.0 ], [ 86.033037987183803, 26.237136977839686, 0.0 ], [ 86.033603272156796, 26.237181410325547, 0.0 ], [ 86.033959521419533, 26.237079974963969, 0.0 ], [ 86.034588675979236, 26.236664365217777, 0.0 ], [ 86.035401426789875, 26.236444103986226, 0.0 ], [ 86.037668534161185, 26.236504448322599, 0.0 ], [ 86.039800794044865, 26.23652774026025, 0.0 ], [ 86.040932588770886, 26.23646758255104, 0.0 ], [ 86.042100383691221, 26.236290281334679, 0.0 ], [ 86.04327892433669, 26.236022754462834, 0.0 ], [ 86.044311969618136, 26.235794880338378, 0.0 ], [ 86.044102420617818, 26.235098269640588, 0.0 ], [ 86.044654714598565, 26.234894279786729, 0.0 ], [ 86.043839776727225, 26.232631660943394, 0.0 ], [ 86.043229671360919, 26.23286686314125, 0.0 ], [ 86.042972482710269, 26.231876497433898, 0.0 ], [ 86.042596526074831, 26.23010886364067, 0.0 ], [ 86.042053006119545, 26.228633547770148, 0.0 ], [ 86.041579542861911, 26.227772655399125, 0.0 ], [ 86.040972171446143, 26.226761892958049, 0.0 ], [ 86.040731552426834, 26.226195986731927, 0.0 ], [ 86.040679978966409, 26.22577128872976, 0.0 ], [ 86.040632854105979, 26.225414336755762, 0.0 ], [ 86.040365473535488, 26.225060428744818, 0.0 ], [ 86.040026097609939, 26.224940788279671, 0.0 ], [ 86.039225379861875, 26.224769458199649, 0.0 ], [ 86.038594715111884, 26.224317263237563, 0.0 ], [ 86.03802508711145, 26.223591148621516, 0.0 ], [ 86.037077174922345, 26.222609691251659, 0.0 ], [ 86.036322013567485, 26.221927470911442, 0.0 ], [ 86.034713681030937, 26.220918998386292, 0.0 ], [ 86.032960686633174, 26.219855362724793, 0.0 ], [ 86.03205971945701, 26.219257913409908, 0.0 ], [ 86.031318015638945, 26.218769877149249, 0.0 ], [ 86.030678618170185, 26.218016177434642, 0.0 ], [ 86.029550397716761, 26.216460128098454, 0.0 ], [ 86.029126108196394, 26.215721416809142, 0.0 ], [ 86.029158811958382, 26.214796186504461, 0.0 ], [ 86.029023817820828, 26.214176802732723, 0.0 ], [ 86.028636932268086, 26.213153935374692, 0.0 ], [ 86.029489189123581, 26.212979114504101, 0.0 ], [ 86.030128348110054, 26.212550044059444, 0.0 ], [ 86.030446658505554, 26.212186524513978, 0.0 ], [ 86.031095705758418, 26.21177105992124, 0.0 ], [ 86.030850351970315, 26.210577604772737, 0.0 ], [ 86.030687196386722, 26.209732311645318, 0.0 ], [ 86.030800619273037, 26.209331294402439, 0.0 ], [ 86.031852500131365, 26.208206777981495, 0.0 ], [ 86.032262394379799, 26.207463146681476, 0.0 ], [ 86.032183332426612, 26.206735795171923, 0.0 ], [ 86.031840631930592, 26.205598125084997, 0.0 ], [ 86.031496569670253, 26.204455911868635, 0.0 ], [ 86.031380919347583, 26.203312987990195, 0.0 ], [ 86.031168325597719, 26.202395131809219, 0.0 ], [ 86.030712331277087, 26.201863874044044, 0.0 ], [ 86.030034706930635, 26.201507182031648, 0.0 ], [ 86.029169694785281, 26.201420086746644, 0.0 ], [ 86.028433362830697, 26.201505403084393, 0.0 ], [ 86.028184644001399, 26.20072273076234, 0.0 ], [ 86.027955325769241, 26.199412002858676, 0.0 ], [ 86.027368180291802, 26.196600072849353, 0.0 ], [ 86.027038879511068, 26.195279639198692, 0.0 ], [ 86.027963044826535, 26.194866046778309, 0.0 ], [ 86.028385864399738, 26.194566437615542, 0.0 ], [ 86.028618092061663, 26.194319713179343, 0.0 ], [ 86.028616309539515, 26.19393146230782, 0.0 ], [ 86.029224920280896, 26.194156776236152, 0.0 ], [ 86.029927294229594, 26.194540724958571, 0.0 ], [ 86.031145688737936, 26.194246469643378, 0.0 ], [ 86.032800289747996, 26.193846792123768, 0.0 ], [ 86.035094564798499, 26.193546189073199, 0.0 ], [ 86.037098395399241, 26.193270691778032, 0.0 ], [ 86.038360125247564, 26.193179814240015, 0.0 ], [ 86.039011188812893, 26.193111933659225, 0.0 ], [ 86.038950254621625, 26.192610426440798, 0.0 ], [ 86.041720313210362, 26.192254206767306, 0.0 ], [ 86.041621001681136, 26.19154929609703, 0.0 ], [ 86.044004363414558, 26.190748041589227, 0.0 ], [ 86.044641211019311, 26.190580723272824, 0.0 ], [ 86.046196387839373, 26.190703902159477, 0.0 ], [ 86.047298340794569, 26.19056674219614, 0.0 ], [ 86.048314570347912, 26.190510264994391, 0.0 ], [ 86.048297959721467, 26.19132275288889, 0.0 ], [ 86.048082745664161, 26.191944319493889, 0.0 ], [ 86.048311113530957, 26.192167037400946, 0.0 ], [ 86.049541961447417, 26.192179688716156, 0.0 ], [ 86.049593296051299, 26.191403546299608, 0.0 ], [ 86.050236522479466, 26.191683173961366, 0.0 ], [ 86.051262871481455, 26.192231677555462, 0.0 ], [ 86.051817105573519, 26.191761315485138, 0.0 ], [ 86.052693974818538, 26.191613601859039, 0.0 ], [ 86.053054122685666, 26.191629515591689, 0.0 ], [ 86.053577746919359, 26.191849654019325, 0.0 ], [ 86.054597579446565, 26.192587697209586, 0.0 ], [ 86.055171066135728, 26.192830728982141, 0.0 ], [ 86.055889587316585, 26.193083739752581, 0.0 ], [ 86.056483238703819, 26.193308842003475, 0.0 ], [ 86.056847897739715, 26.193772096807965, 0.0 ], [ 86.057465594972626, 26.194976592972523, 0.0 ], [ 86.057691697506598, 26.195483690286693, 0.0 ], [ 86.057824546705376, 26.195764455688117, 0.0 ], [ 86.058216685313681, 26.196159778787973, 0.0 ], [ 86.058937588729918, 26.196742344070959, 0.0 ], [ 86.058654508581213, 26.197097132470869, 0.0 ], [ 86.05817732926846, 26.197319730227008, 0.0 ], [ 86.057855885538672, 26.197466601481626, 0.0 ], [ 86.057637959370027, 26.197808270941447, 0.0 ], [ 86.057384384364823, 26.19879492188392, 0.0 ], [ 86.057378231939353, 26.199612341610187, 0.0 ], [ 86.057622722081689, 26.200322708641753, 0.0 ], [ 86.057899546042535, 26.201990347153739, 0.0 ], [ 86.0581445074762, 26.20326502008032, 0.0 ], [ 86.058308617981382, 26.204015489795221, 0.0 ], [ 86.059031373522899, 26.20677128676784, 0.0 ], [ 86.05925836415561, 26.207886054866723, 0.0 ], [ 86.059425243365169, 26.20829344479387, 0.0 ], [ 86.059769380242031, 26.208440157128845, 0.0 ], [ 86.06196362018396, 26.208161048859765, 0.0 ], [ 86.063060898727642, 26.208001168407161, 0.0 ], [ 86.06376917766076, 26.207671712907064, 0.0 ], [ 86.064322253114895, 26.207480333817216, 0.0 ], [ 86.06488326593319, 26.207286206303475, 0.0 ], [ 86.065651442314831, 26.206975188796438, 0.0 ], [ 86.066335391415052, 26.206778904369468, 0.0 ], [ 86.067062963807317, 26.206316215845849, 0.0 ], [ 86.067655584254098, 26.206053707326653, 0.0 ], [ 86.06832747931017, 26.205891027919144, 0.0 ], [ 86.070439723751576, 26.205846007766507, 0.0 ], [ 86.071292438187498, 26.205805902167434, 0.0 ], [ 86.072211967117099, 26.205762648590877, 0.0 ], [ 86.073262780486786, 26.205778452607518, 0.0 ], [ 86.073736680014818, 26.205971112303494, 0.0 ], [ 86.074246044445161, 26.20674184650478, 0.0 ], [ 86.074666847205506, 26.207369791698241, 0.0 ], [ 86.073671812289575, 26.209108228650557, 0.0 ], [ 86.073440753340492, 26.209847107815275, 0.0 ], [ 86.073297268659474, 26.210902561764009, 0.0 ], [ 86.073378340144643, 26.212040721135899, 0.0 ], [ 86.073476641709661, 26.2128990977215, 0.0 ], [ 86.073683686249709, 26.213297702028861, 0.0 ], [ 86.074949548606284, 26.21334196709758, 0.0 ], [ 86.078179256926234, 26.213136986474055, 0.0 ], [ 86.078200672222607, 26.212324524428944, 0.0 ], [ 86.079458080584033, 26.212170060176391, 0.0 ], [ 86.081906910153307, 26.211978052352812, 0.0 ], [ 86.083821171419899, 26.211665221915158, 0.0 ], [ 86.085233105291081, 26.211588436454768, 0.0 ], [ 86.085250879027654, 26.210595371490331, 0.0 ], [ 86.086643699469306, 26.211042125899219, 0.0 ], [ 86.086811592467811, 26.210050013828759, 0.0 ], [ 86.086791042847068, 26.208835497310581, 0.0 ], [ 86.086609756621556, 26.207696705130633, 0.0 ], [ 86.086508895221428, 26.207154330665304, 0.0 ], [ 86.086612786265022, 26.206667430653635, 0.0 ], [ 86.087005337799127, 26.206385512127493, 0.0 ], [ 86.087776485984477, 26.206327203489185, 0.0 ], [ 86.088727330369395, 26.206328717440176, 0.0 ], [ 86.089072870125477, 26.206299304986871, 0.0 ], [ 86.089331108895891, 26.205912698244219, 0.0 ], [ 86.089432862183841, 26.205055596352214, 0.0 ], [ 86.089474360305005, 26.204271291356271, 0.0 ], [ 86.089515001621322, 26.203503144294626, 0.0 ], [ 86.091811937297635, 26.203513152961388, 0.0 ], [ 86.094104290640828, 26.203468921281644, 0.0 ], [ 86.093776073142379, 26.202554933557757, 0.0 ], [ 86.095342375700895, 26.202562536098032, 0.0 ], [ 86.095829464573669, 26.201050998272347, 0.0 ], [ 86.096086274805288, 26.200844947209514, 0.0 ], [ 86.09733245311449, 26.200830200606042, 0.0 ], [ 86.098989449655065, 26.200754815304304, 0.0 ], [ 86.100172068100576, 26.200545523846209, 0.0 ], [ 86.101840591918119, 26.200271541300591, 0.0 ], [ 86.102957560459842, 26.200138563158678, 0.0 ], [ 86.104446481993307, 26.199791197508741, 0.0 ], [ 86.104310031070455, 26.199311815179545, 0.0 ], [ 86.103953027097702, 26.198880717252518, 0.0 ], [ 86.103470062448352, 26.198561695432836, 0.0 ], [ 86.102366958942028, 26.198193658096624, 0.0 ], [ 86.101648921866456, 26.1978596197572, 0.0 ], [ 86.100997395443883, 26.197336386109747, 0.0 ], [ 86.100580501856186, 26.196886848576952, 0.0 ], [ 86.100383954781506, 26.196416114457008, 0.0 ], [ 86.101826241261691, 26.196271635134682, 0.0 ], [ 86.103601579082465, 26.19576354466918, 0.0 ], [ 86.104941086855391, 26.195315923919999, 0.0 ], [ 86.105951023374075, 26.194775952851426, 0.0 ], [ 86.106880788094401, 26.194249020289597, 0.0 ], [ 86.108043192204306, 26.19339848230009, 0.0 ], [ 86.109034972875136, 26.192610080271709, 0.0 ], [ 86.109717569850773, 26.192338923417235, 0.0 ], [ 86.110414075649899, 26.192713698016213, 0.0 ], [ 86.110891413706597, 26.193271649467214, 0.0 ], [ 86.111093311035233, 26.193701771960797, 0.0 ], [ 86.111232614792385, 26.19424704511988, 0.0 ], [ 86.111374245309747, 26.194926930879909, 0.0 ], [ 86.111675469422522, 26.195456984548137, 0.0 ], [ 86.112213350163188, 26.195794376197487, 0.0 ], [ 86.112917797416685, 26.195943184629602, 0.0 ], [ 86.113561106326856, 26.196236076874797, 0.0 ], [ 86.114038197545185, 26.196672405302134, 0.0 ], [ 86.114289741732023, 26.197157003761358, 0.0 ], [ 86.11415397022941, 26.197905570446377, 0.0 ], [ 86.113817627885538, 26.19870707546362, 0.0 ], [ 86.113178579100435, 26.199831754732617, 0.0 ], [ 86.112959130689887, 26.200394710641199, 0.0 ], [ 86.112646287579437, 26.201394993752803, 0.0 ], [ 86.112607014876872, 26.201954546335159, 0.0 ], [ 86.11286442347766, 26.202326321088123, 0.0 ], [ 86.113242957752036, 26.202563407279897, 0.0 ], [ 86.113642673006368, 26.202647132134512, 0.0 ], [ 86.114178116157333, 26.202650430320006, 0.0 ], [ 86.114549002158853, 26.202575968504576, 0.0 ], [ 86.114990868428819, 26.202380051083143, 0.0 ], [ 86.115774512843572, 26.201987596724667, 0.0 ], [ 86.116612856783135, 26.201640619798521, 0.0 ], [ 86.117319149400188, 26.201550151862339, 0.0 ], [ 86.11766946979715, 26.201547786762237, 0.0 ], [ 86.118269247167987, 26.201646268084168, 0.0 ], [ 86.118683092019197, 26.201847442076058, 0.0 ], [ 86.11926480266149, 26.202352111309096, 0.0 ], [ 86.120739262777647, 26.203927656111485, 0.0 ], [ 86.120741927222994, 26.204239170818504, 0.0 ], [ 86.120840871390882, 26.20490978450125, 0.0 ], [ 86.121091518020748, 26.205667882555918, 0.0 ], [ 86.121546445120188, 26.207065634703152, 0.0 ], [ 86.121547891787372, 26.207539663227159, 0.0 ], [ 86.121445228268101, 26.207882136008106, 0.0 ], [ 86.121969256183434, 26.208743086501148, 0.0 ], [ 86.122637675797449, 26.209704235216481, 0.0 ], [ 86.123033125869242, 26.210259746700661, 0.0 ], [ 86.123290417349509, 26.210087431435891, 0.0 ], [ 86.123636300592253, 26.210012793792256, 0.0 ], [ 86.124005583527122, 26.210154992811756, 0.0 ], [ 86.124304195977231, 26.210378020548141, 0.0 ], [ 86.124444258878597, 26.211056044630823, 0.0 ], [ 86.124445620717708, 26.212211758212849, 0.0 ], [ 86.124671878939154, 26.21274132969678, 0.0 ], [ 86.124991366149089, 26.213185691909512, 0.0 ], [ 86.125293401582297, 26.213286848680813, 0.0 ], [ 86.125760675298949, 26.213377722735931, 0.0 ], [ 86.125869416666944, 26.213895290808541, 0.0 ], [ 86.125818842734446, 26.214635356404763, 0.0 ], [ 86.125884455801, 26.215231665778845, 0.0 ], [ 86.125882060484088, 26.215552179355289, 0.0 ], [ 86.125162505729463, 26.216066967191995, 0.0 ], [ 86.124442539063267, 26.216635922668846, 0.0 ], [ 86.123917785294736, 26.21720154914582, 0.0 ], [ 86.123472222946049, 26.217885033237724, 0.0 ], [ 86.123248933002671, 26.218294488482861, 0.0 ], [ 86.123723207012489, 26.218455386470843, 0.0 ], [ 86.124378737441972, 26.218472923403557, 0.0 ], [ 86.126445597700567, 26.21850355460586, 0.0 ], [ 86.127657271325702, 26.218443194471995, 0.0 ], [ 86.128397482403429, 26.218515400744174, 0.0 ], [ 86.128509499385416, 26.218931411346681, 0.0 ], [ 86.12855524272841, 26.219509541053515, 0.0 ], [ 86.128640856863868, 26.220110485169201, 0.0 ], [ 86.129313564113488, 26.219839178052705, 0.0 ], [ 86.129935850034784, 26.219617222065306, 0.0 ], [ 86.130558133737949, 26.219395262639601, 0.0 ], [ 86.130667977508836, 26.220104699223526, 0.0 ], [ 86.131068780468269, 26.220725605076108, 0.0 ], [ 86.131430251895551, 26.221251468336437, 0.0 ], [ 86.131750613863915, 26.221921545882648, 0.0 ], [ 86.131888842954993, 26.222179706077188, 0.0 ], [ 86.132107186668719, 26.222433834444576, 0.0 ], [ 86.132545518386735, 26.22272089198654, 0.0 ], [ 86.133465070143998, 26.222911531370983, 0.0 ], [ 86.134754865275767, 26.22312245178799, 0.0 ], [ 86.135368649787907, 26.223374440936702, 0.0 ], [ 86.135691542667729, 26.223705939542516, 0.0 ], [ 86.137152389493409, 26.2265136903168, 0.0 ], [ 86.137588118241794, 26.227157360476024, 0.0 ], [ 86.138338949801962, 26.227834520109404, 0.0 ], [ 86.138649158403808, 26.22853160843685, 0.0 ], [ 86.139008858820191, 26.229305738435954, 0.0 ], [ 86.139424287202431, 26.229989912123351, 0.0 ], [ 86.139995850033642, 26.230544099615326, 0.0 ], [ 86.140449611929597, 26.230781565834945, 0.0 ], [ 86.141143137330658, 26.231088182398558, 0.0 ], [ 86.142029126687888, 26.23177064492393, 0.0 ], [ 86.142352359487859, 26.232061500405877, 0.0 ], [ 86.142650898027981, 26.232307063155645, 0.0 ], [ 86.143114021498562, 26.232634867834442, 0.0 ], [ 86.143587754177503, 26.232881473477573, 0.0 ], [ 86.144179347764549, 26.233159322344211, 0.0 ], [ 86.14527655488628, 26.233993058978509, 0.0 ], [ 86.146028859593628, 26.234480580332086, 0.0 ], [ 86.147679424044966, 26.234834839974198, 0.0 ], [ 86.149537298031305, 26.235250789058714, 0.0 ], [ 86.149942454623627, 26.235293817042525, 0.0 ], [ 86.15040310000613, 26.235278483293413, 0.0 ], [ 86.150879646744116, 26.235141350932043, 0.0 ], [ 86.151730378727095, 26.233796545090122, 0.0 ], [ 86.152008793595542, 26.233369312662283, 0.0 ], [ 86.152403510726856, 26.232780244464582, 0.0 ], [ 86.153680752207251, 26.231979678811499, 0.0 ], [ 86.154350297844388, 26.231455425988564, 0.0 ], [ 86.154683332353727, 26.231087196808723, 0.0 ], [ 86.155059944734376, 26.23092237618777, 0.0 ], [ 86.155415752856811, 26.23086577913713, 0.0 ], [ 86.155597708007349, 26.23062306529771, 0.0 ], [ 86.155616995016246, 26.230031781669908, 0.0 ], [ 86.156078336037623, 26.22991711443365, 0.0 ], [ 86.156894046734834, 26.229944474322874, 0.0 ], [ 86.156964975405558, 26.229132282301386, 0.0 ], [ 86.156829099733315, 26.227844856717837, 0.0 ], [ 86.156614664037065, 26.227040019786944, 0.0 ], [ 86.156594978209483, 26.226299528199657, 0.0 ], [ 86.156827788911144, 26.225944249817385, 0.0 ], [ 86.157779880553178, 26.225796338621578, 0.0 ], [ 86.158566246939586, 26.225724197516247, 0.0 ], [ 86.159221959041801, 26.225723519462381, 0.0 ], [ 86.15994647813659, 26.225899306183152, 0.0 ], [ 86.16105981801158, 26.226298569794629, 0.0 ], [ 86.161951632353649, 26.226660317235989, 0.0 ], [ 86.162437893118252, 26.226776112736061, 0.0 ], [ 86.162899020750146, 26.226688509562475, 0.0 ], [ 86.16353610618954, 26.226493580988627, 0.0 ], [ 86.164297658166277, 26.226391919362534, 0.0 ], [ 86.16476490861497, 26.226848342345111, 0.0 ], [ 86.166226519189536, 26.226143537539755, 0.0 ], [ 86.167175912585165, 26.225670504479528, 0.0 ], [ 86.167748431715196, 26.225402951052175, 0.0 ], [ 86.168652991101524, 26.224898047297884, 0.0 ], [ 86.168556232609347, 26.224427076179527, 0.0 ], [ 86.169455449115659, 26.22396818483497, 0.0 ], [ 86.169962760756732, 26.223718302553436, 0.0 ], [ 86.170323480644313, 26.223670725402872, 0.0 ], [ 86.170652088592192, 26.223916404475926, 0.0 ], [ 86.17099058156532, 26.224180198222989, 0.0 ], [ 86.171351270642774, 26.22413713325297, 0.0 ], [ 86.17156786602439, 26.223944258226322, 0.0 ], [ 86.17145065418336, 26.223532762955124, 0.0 ], [ 86.171467875841387, 26.223221361581842, 0.0 ], [ 86.171719218196003, 26.223069316602015, 0.0 ], [ 86.172059659418125, 26.22305773456932, 0.0 ], [ 86.172258520738453, 26.223248489060616, 0.0 ], [ 86.172390527998544, 26.223691669562413, 0.0 ], [ 86.172717193122125, 26.22421271774321, 0.0 ], [ 86.173467990582083, 26.224921299214444, 0.0 ], [ 86.174212964078535, 26.225747219659958, 0.0 ], [ 86.174479834543888, 26.226231804442865, 0.0 ], [ 86.174617590816467, 26.226571182603791, 0.0 ], [ 86.174583798780489, 26.227103700013839, 0.0 ], [ 86.174429242149856, 26.2277258138542, 0.0 ], [ 86.174320464785083, 26.228244356318712, 0.0 ], [ 86.174467819620716, 26.228642478149858, 0.0 ], [ 86.174894214267425, 26.228866137367483, 0.0 ], [ 86.175254610860009, 26.228511560527199, 0.0 ], [ 86.175465878723017, 26.227655016951349, 0.0 ], [ 86.175566326818227, 26.22689715712178, 0.0 ], [ 86.175502492431576, 26.226011948320913, 0.0 ], [ 86.17541647300304, 26.225433598986296, 0.0 ], [ 86.176057709891282, 26.225356014738185, 0.0 ], [ 86.176979522878213, 26.225239404396017, 0.0 ], [ 86.177751337100261, 26.225099356676374, 0.0 ], [ 86.178148205745558, 26.224893959736477, 0.0 ], [ 86.178725671971563, 26.224630904255577, 0.0 ], [ 86.179024081537563, 26.224190187137065, 0.0 ], [ 86.179149053308848, 26.223500181281221, 0.0 ], [ 86.179237848574886, 26.222259199187945, 0.0 ], [ 86.180402594806097, 26.222322963812996, 0.0 ], [ 86.181470421822553, 26.222226783189797, 0.0 ], [ 86.182253105496841, 26.221960367552416, 0.0 ], [ 86.182749236702207, 26.221872897926705, 0.0 ], [ 86.183600851065577, 26.221769388784839, 0.0 ], [ 86.184160912688384, 26.221844800250349, 0.0 ], [ 86.184964397976913, 26.222183432053672, 0.0 ], [ 86.186079490590231, 26.222338728617689, 0.0 ], [ 86.186651355555156, 26.222156869859742, 0.0 ], [ 86.187129096132807, 26.221834527016558, 0.0 ], [ 86.187424896220037, 26.221763967209483, 0.0 ], [ 86.189060133440947, 26.221714756449639, 0.0 ], [ 86.191195792265717, 26.221482759684694, 0.0 ], [ 86.192442920620621, 26.221363364571225, 0.0 ], [ 86.193234371270222, 26.221273002693199, 0.0 ], [ 86.19398136639829, 26.221096612706145, 0.0 ], [ 86.193851644569961, 26.220310358791227, 0.0 ], [ 86.196330979414896, 26.220053368710587, 0.0 ], [ 86.197442830580911, 26.219951231946091, 0.0 ], [ 86.198163362236301, 26.219982338941414, 0.0 ], [ 86.198427265273224, 26.220182449684398, 0.0 ], [ 86.198510216081942, 26.220494414469389, 0.0 ], [ 86.198165264122068, 26.221165154221332, 0.0 ], [ 86.198110018399362, 26.221557609808688, 0.0 ], [ 86.198557042627172, 26.221695537351625, 0.0 ], [ 86.198887376643597, 26.2216973793901, 0.0 ], [ 86.199067510594546, 26.222070831127894, 0.0 ], [ 86.199935429283713, 26.222172544580278, 0.0 ], [ 86.200801230622019, 26.222159483150321, 0.0 ], [ 86.202608127494699, 26.222160488274426, 0.0 ], [ 86.204119202291849, 26.222236579922619, 0.0 ], [ 86.205825386467708, 26.222327277068803, 0.0 ], [ 86.206891105384997, 26.222387334600519, 0.0 ], [ 86.207366406576284, 26.222417043260943, 0.0 ], [ 86.207353502008317, 26.222105470317871, 0.0 ], [ 86.20718589951683, 26.221725325130688, 0.0 ], [ 86.207287745179499, 26.221468558793621, 0.0 ], [ 86.207599068698897, 26.221321295694356, 0.0 ], [ 86.208139217545053, 26.221382961069153, 0.0 ], [ 86.209253483670011, 26.221664480321611, 0.0 ], [ 86.209829341156464, 26.221627016098115, 0.0 ], [ 86.210436204487863, 26.221445254588811, 0.0 ], [ 86.21104184760101, 26.221444065709608, 0.0 ], [ 86.21145113751102, 26.221613348332557, 0.0 ], [ 86.211679544773048, 26.221885473199677, 0.0 ], [ 86.212088927865224, 26.222041211354266, 0.0 ], [ 86.212644250225338, 26.222080370272923, 0.0 ], [ 86.213058457847268, 26.222263219591007, 0.0 ], [ 86.21365042254584, 26.222808202260609, 0.0 ], [ 86.214355327675946, 26.223678845974174, 0.0 ], [ 86.214817321473234, 26.224200541246603, 0.0 ], [ 86.215164879787821, 26.224535469370068, 0.0 ], [ 86.215535495266195, 26.224588196803282, 0.0 ], [ 86.216381964367443, 26.224504780674618, 0.0 ], [ 86.216795506277947, 26.224789192373905, 0.0 ], [ 86.216962902618846, 26.225205441622169, 0.0 ], [ 86.217110521254369, 26.225585466439551, 0.0 ], [ 86.217505240747272, 26.225691449318887, 0.0 ], [ 86.218176759976629, 26.225573211184511, 0.0 ], [ 86.218632840616493, 26.225485400586734, 0.0 ], [ 86.219159387350871, 26.225339281687077, 0.0 ], [ 86.219585163551969, 26.225291933848251, 0.0 ], [ 86.219827709486964, 26.225699558857624, 0.0 ], [ 86.219995208004519, 26.226102260890219, 0.0 ], [ 86.220292122900076, 26.22661401436476, 0.0 ], [ 86.220852205306556, 26.226693798082142, 0.0 ], [ 86.222358261206637, 26.226783215313947, 0.0 ], [ 86.223384529268145, 26.226761676610053, 0.0 ], [ 86.224247820886845, 26.226777400258012, 0.0 ], [ 86.225146247696955, 26.226793756585195, 0.0 ], [ 86.226217892499406, 26.226722782379799, 0.0 ], [ 86.227674556835069, 26.226712558751007, 0.0 ], [ 86.228511099214955, 26.226617731384863, 0.0 ], [ 86.229232369806468, 26.226544853645759, 0.0 ], [ 86.229594268007148, 26.226316551513829, 0.0 ], [ 86.229786610277671, 26.225992536114191, 0.0 ], [ 86.229741316180721, 26.225269967095656, 0.0 ], [ 86.229823024824526, 26.224263662978821, 0.0 ], [ 86.230445066826633, 26.22405481062431, 0.0 ], [ 86.230966142084384, 26.223976337817284, 0.0 ], [ 86.231722430781673, 26.22390363370214, 0.0 ], [ 86.232347902585502, 26.223934062425378, 0.0 ], [ 86.232837730896804, 26.224040512525857, 0.0 ], [ 86.233196211411141, 26.224331355569689, 0.0 ], [ 86.233399086842184, 26.224689086432264, 0.0 ], [ 86.233657997663514, 26.224898136289443, 0.0 ], [ 86.23423315700542, 26.224968919220675, 0.0 ], [ 86.234877651677394, 26.225152932394856, 0.0 ], [ 86.235381086485773, 26.225476144092038, 0.0 ], [ 86.23585378282381, 26.225849965715049, 0.0 ], [ 86.237485007772221, 26.225992948888642, 0.0 ], [ 86.238190224137895, 26.226077950055533, 0.0 ], [ 86.238966133430594, 26.226071160174673, 0.0 ], [ 86.239797070904544, 26.226063884139336, 0.0 ], [ 86.240909272554674, 26.225911752313937, 0.0 ], [ 86.24201573524671, 26.22587244610196, 0.0 ], [ 86.242386536131249, 26.225811196860899, 0.0 ], [ 86.242371751039144, 26.225003015227493, 0.0 ], [ 86.243168521400051, 26.2248627464602, 0.0 ], [ 86.245029162944931, 26.225075685666116, 0.0 ], [ 86.246173737623039, 26.225334507396823, 0.0 ], [ 86.248423152329892, 26.225806769732863, 0.0 ], [ 86.248309602032379, 26.224328972723313, 0.0 ], [ 86.248414118008412, 26.224047058535533, 0.0 ], [ 86.248191942286482, 26.222062997651001, 0.0 ], [ 86.248154702688183, 26.220848388407472, 0.0 ], [ 86.248324770151697, 26.219836084798473, 0.0 ], [ 86.248317359564666, 26.218903465939416, 0.0 ], [ 86.249349259270346, 26.218773420120854, 0.0 ], [ 86.250000030188716, 26.218714078206258, 0.0 ], [ 86.250862591479859, 26.218637298868405, 0.0 ], [ 86.251384641045973, 26.218400746737149, 0.0 ], [ 86.251828025566354, 26.217942570082425, 0.0 ], [ 86.252221183387888, 26.217511218170582, 0.0 ], [ 86.251746079112436, 26.216669038365861, 0.0 ], [ 86.251283570516236, 26.216206145702525, 0.0 ], [ 86.250894807948896, 26.21595130527211, 0.0 ], [ 86.250645604984669, 26.215787482402746, 0.0 ], [ 86.249939234570206, 26.215829412838598, 0.0 ], [ 86.249368407735361, 26.215789398214898, 0.0 ], [ 86.248462248588012, 26.215048791840236, 0.0 ], [ 86.247656546467368, 26.214254531174991, 0.0 ], [ 86.247594154644943, 26.213838865186744, 0.0 ], [ 86.247786716257139, 26.213469679576164, 0.0 ], [ 86.248004880866532, 26.213010335422879, 0.0 ], [ 86.248003155171759, 26.212500181393715, 0.0 ], [ 86.247771038500531, 26.21201590951787, 0.0 ], [ 86.247623161791125, 26.211663000123597, 0.0 ], [ 86.24769005138559, 26.211378932892032, 0.0 ], [ 86.248016950954622, 26.211132341922976, 0.0 ], [ 86.24730945355202, 26.210636553952266, 0.0 ], [ 86.24660152660833, 26.210208477891793, 0.0 ], [ 86.246154180710349, 26.209874720667607, 0.0 ], [ 86.245897415859162, 26.209189011925819, 0.0 ], [ 86.24579543257579, 26.208705419009654, 0.0 ], [ 86.24569958980868, 26.208045790578716, 0.0 ], [ 86.245633164257484, 26.207481122422099, 0.0 ], [ 86.245551230337057, 26.206993119995513, 0.0 ], [ 86.245367869021976, 26.206712255203197, 0.0 ], [ 86.244892997949904, 26.20662398554126, 0.0 ], [ 86.244548359163005, 26.206518341407325, 0.0 ], [ 86.244254495644327, 26.206300098640387, 0.0 ], [ 86.243956192959004, 26.205219551062154, 0.0 ], [ 86.243726557542487, 26.204356062154865, 0.0 ], [ 86.243580423545438, 26.203736799445071, 0.0 ], [ 86.243758084566053, 26.203349481076394, 0.0 ], [ 86.244396431763448, 26.202919437703784, 0.0 ], [ 86.244883375313691, 26.202709142674056, 0.0 ], [ 86.245265234245224, 26.202449970150198, 0.0 ], [ 86.245561971036878, 26.202221284466972, 0.0 ], [ 86.245659525661864, 26.20183805799681, 0.0 ], [ 86.245508787169484, 26.201155568404012, 0.0 ], [ 86.245291920513012, 26.19986326565888, 0.0 ], [ 86.245132779179642, 26.198932429607048, 0.0 ], [ 86.245029179273232, 26.197925138285129, 0.0 ], [ 86.24506426979795, 26.197139787611182, 0.0 ], [ 86.245226843935271, 26.196761417006808, 0.0 ], [ 86.245482335253044, 26.196409703256109, 0.0 ], [ 86.245457992225312, 26.195924494864535, 0.0 ], [ 86.245032904994716, 26.195536511510074, 0.0 ], [ 86.244866331779974, 26.194978788548926, 0.0 ], [ 86.24530470029832, 26.194775416295116, 0.0 ], [ 86.246320524960481, 26.194781649312706, 0.0 ], [ 86.247318315235873, 26.194767090835192, 0.0 ], [ 86.247997533881929, 26.194849771028402, 0.0 ], [ 86.248632709800319, 26.194961892037156, 0.0 ], [ 86.249087150072171, 26.195048338843673, 0.0 ], [ 86.249560033336536, 26.194823311394309, 0.0 ], [ 86.249915412152561, 26.195023125600194, 0.0 ], [ 86.254607204436994, 26.194932596261051, 0.0 ], [ 86.254730133000024, 26.193700749444808, 0.0 ], [ 86.256318263799358, 26.193411001697722, 0.0 ], [ 86.257645783283763, 26.193183096160048, 0.0 ], [ 86.259715013235734, 26.192778410824378, 0.0 ], [ 86.259716140954481, 26.1918077784883, 0.0 ], [ 86.264607123692272, 26.191150729629374, 0.0 ], [ 86.269492132635122, 26.190494315805548, 0.0 ], [ 86.269855500578387, 26.189195954590247, 0.0 ], [ 86.269952399719628, 26.188099397291083, 0.0 ], [ 86.269767800460158, 26.187209084014782, 0.0 ], [ 86.269242029293906, 26.18646602098265, 0.0 ], [ 86.268144572324516, 26.185124123105915, 0.0 ], [ 86.268027728762107, 26.184604349768339, 0.0 ], [ 86.267895395494065, 26.184161245700263, 0.0 ], [ 86.267463305685695, 26.183644382162445, 0.0 ], [ 86.265992927504414, 26.182733972858987, 0.0 ], [ 86.265259343850275, 26.182423237760506, 0.0 ], [ 86.265379913376321, 26.180748934822226, 0.0 ], [ 86.269204157113705, 26.178894833626725, 0.0 ], [ 86.269137233801203, 26.178393372449644, 0.0 ], [ 86.271795487936785, 26.177847939343099, 0.0 ], [ 86.274517061388522, 26.177400276485407, 0.0 ], [ 86.274660647630355, 26.177644788518922, 0.0 ], [ 86.276077875327303, 26.177439734073296, 0.0 ], [ 86.276879256386835, 26.17730380794163, 0.0 ], [ 86.277090716744297, 26.178713428789344, 0.0 ], [ 86.280872480202049, 26.178209905468176, 0.0 ], [ 86.282163394483689, 26.178030012376535, 0.0 ], [ 86.28549810316072, 26.177631253218955, 0.0 ], [ 86.286179922689257, 26.17823056463407, 0.0 ], [ 86.28654601850748, 26.178914086619535, 0.0 ], [ 86.289023233073493, 26.178831532760249, 0.0 ], [ 86.28856266276776, 26.178048228315468, 0.0 ], [ 86.289115802116697, 26.177592726550749, 0.0 ], [ 86.289690943759993, 26.177633938866972, 0.0 ], [ 86.289986762041821, 26.176705385307532, 0.0 ], [ 86.290331183900747, 26.175185655610456, 0.0 ], [ 86.290236474823359, 26.174300322183143, 0.0 ], [ 86.29145200221312, 26.173516248283772, 0.0 ], [ 86.291593220908553, 26.172501152884568, 0.0 ], [ 86.293557106346668, 26.172894542965537, 0.0 ], [ 86.293787109709001, 26.172087552635016, 0.0 ], [ 86.293704122292496, 26.170913342383418, 0.0 ], [ 86.2939809422151, 26.170639306735787, 0.0 ], [ 86.295310376319463, 26.169205651386537, 0.0 ], [ 86.295861653819031, 26.168215128171457, 0.0 ], [ 86.295837840892432, 26.167181161489083, 0.0 ], [ 86.295402741376932, 26.16465535387665, 0.0 ], [ 86.296000474697649, 26.16425647425848, 0.0 ], [ 86.296711642778078, 26.164129023676974, 0.0 ], [ 86.29767218645901, 26.164129195764428, 0.0 ], [ 86.298727820993747, 26.164444326135609, 0.0 ], [ 86.299824576919349, 26.164771722485273, 0.0 ], [ 86.302229804389398, 26.165386097722532, 0.0 ], [ 86.303327271138372, 26.165492894103632, 0.0 ], [ 86.304337300943899, 26.165592678267682, 0.0 ], [ 86.305527984281198, 26.165593909364446, 0.0 ], [ 86.307416557190876, 26.165432213018615, 0.0 ], [ 86.30928160099343, 26.16535010871393, 0.0 ], [ 86.310633512989554, 26.165157940730492, 0.0 ], [ 86.311573555350591, 26.164390432415811, 0.0 ], [ 86.311874089762924, 26.164328663016775, 0.0 ], [ 86.31315409798178, 26.164452153486526, 0.0 ], [ 86.313933071129512, 26.164704171178894, 0.0 ], [ 86.314412648759784, 26.164823834762561, 0.0 ], [ 86.3147784541558, 26.164721738708593, 0.0 ], [ 86.314937624351245, 26.164022725782417, 0.0 ], [ 86.315170409074526, 26.163567853140268, 0.0 ], [ 86.315577812687707, 26.163195073720974, 0.0 ], [ 86.315674916584584, 26.162843393185302, 0.0 ], [ 86.315488976081738, 26.161271411882304, 0.0 ], [ 86.315675520054128, 26.161023993019462, 0.0 ], [ 86.316201290895719, 26.160940711631994, 0.0 ], [ 86.318145614533861, 26.16123886481488, 0.0 ], [ 86.319109936623647, 26.161446584870582, 0.0 ], [ 86.319866192356159, 26.161301173554158, 0.0 ], [ 86.321346643996961, 26.160850130631999, 0.0 ], [ 86.322014862278564, 26.160868866357777, 0.0 ], [ 86.323099484540521, 26.16103649376408, 0.0 ], [ 86.324289008989965, 26.161231693456099, 0.0 ], [ 86.324954484509306, 26.161212240353212, 0.0 ], [ 86.325477245621556, 26.160781282256238, 0.0 ], [ 86.325546326609128, 26.160077319712759, 0.0 ], [ 86.325157172237027, 26.159023582364117, 0.0 ], [ 86.32470312264094, 26.157946967192188, 0.0 ], [ 86.324796725947607, 26.157328898509668, 0.0 ], [ 86.325551031748986, 26.156646204099509, 0.0 ], [ 86.328162065593531, 26.155823190867437, 0.0 ], [ 86.329626005799327, 26.155261162917757, 0.0 ], [ 86.329787833258607, 26.154954918601394, 0.0 ], [ 86.330244353724964, 26.153850949531492, 0.0 ], [ 86.33081977610783, 26.15207033136814, 0.0 ], [ 86.330959902559741, 26.151181593736375, 0.0 ], [ 86.33072971519664, 26.150318224379845, 0.0 ], [ 86.329771779802769, 26.149003616881036, 0.0 ], [ 86.332283000261796, 26.148984574782112, 0.0 ], [ 86.333179937705467, 26.148713333614381, 0.0 ], [ 86.33434241375069, 26.148366563713473, 0.0 ], [ 86.33468990877563, 26.147952818537075, 0.0 ], [ 86.33469040547449, 26.146982167922786, 0.0 ], [ 86.334554468557599, 26.146254679225706, 0.0 ], [ 86.33388968381297, 26.145285469342081, 0.0 ], [ 86.333526412793276, 26.144954219169701, 0.0 ], [ 86.332632903169397, 26.145122977334829, 0.0 ], [ 86.330687029579224, 26.142886887445556, 0.0 ], [ 86.32961636742823, 26.141973578810827, 0.0 ], [ 86.328760662519102, 26.141243619275151, 0.0 ], [ 86.326612568855481, 26.139897258946608, 0.0 ], [ 86.325855007282811, 26.139424192512724, 0.0 ], [ 86.325235346972036, 26.138455154336349, 0.0 ], [ 86.325190905461838, 26.137484292978556, 0.0 ], [ 86.32532962944417, 26.136843859635977, 0.0 ], [ 86.325881041373464, 26.135758404086587, 0.0 ], [ 86.326014654172937, 26.135136004178769, 0.0 ], [ 86.325751588994876, 26.134715418839253, 0.0 ], [ 86.325578513991331, 26.134438705409984, 0.0 ], [ 86.324460192876458, 26.133214508442904, 0.0 ], [ 86.324528170008804, 26.132700154381588, 0.0 ], [ 86.324710586035621, 26.131418842927278, 0.0 ], [ 86.324894185888979, 26.130801192224208, 0.0 ], [ 86.32485267558279, 26.130191517095561, 0.0 ], [ 86.324370985206485, 26.128721992932419, 0.0 ], [ 86.323821175246906, 26.127793907222994, 0.0 ], [ 86.323869286563948, 26.126385555029874, 0.0 ], [ 86.323663380997303, 26.124795424379567, 0.0 ], [ 86.323388118073211, 26.123092100375914, 0.0 ], [ 86.323504673446507, 26.122826281650784, 0.0 ], [ 86.324674667313076, 26.122001064785607, 0.0 ], [ 86.325218136533977, 26.121416700724197, 0.0 ], [ 86.32684906440673, 26.118692940972142, 0.0 ], [ 86.32804055078293, 26.116721066851646, 0.0 ], [ 86.327809494890658, 26.115148880720454, 0.0 ], [ 86.328752264512545, 26.112936561155347, 0.0 ], [ 86.329029174984399, 26.112608277492065, 0.0 ], [ 86.329968955421577, 26.111790972914019, 0.0 ], [ 86.33136482015108, 26.109910310084071, 0.0 ], [ 86.332421051273045, 26.107951311396352, 0.0 ], [ 86.333103858011256, 26.106506214360049, 0.0 ], [ 86.333998653766585, 26.104425856485744, 0.0 ], [ 86.327975684772397, 26.105316668617878, 0.0 ], [ 86.326350252309425, 26.105372294564731, 0.0 ], [ 86.32614481864411, 26.104572234657468, 0.0 ], [ 86.325858735311826, 26.102773975610653, 0.0 ], [ 86.325815990482781, 26.102182428310286, 0.0 ], [ 86.326494224378763, 26.102059184187848, 0.0 ], [ 86.32635511458075, 26.101029185740369, 0.0 ], [ 86.326671460223636, 26.100795898473557, 0.0 ], [ 86.327062288604296, 26.100653251551421, 0.0 ], [ 86.327362288892033, 26.100654649646451, 0.0 ], [ 86.327496520745569, 26.099914866452117, 0.0 ], [ 86.32779667533444, 26.099889176425087, 0.0 ], [ 86.328829586646108, 26.100259674554508, 0.0 ], [ 86.329078403393439, 26.100468507516062, 0.0 ], [ 86.331298924114719, 26.10038852109524, 0.0 ], [ 86.331279964139981, 26.098660481228563, 0.0 ], [ 86.331221621930851, 26.096728538253284, 0.0 ], [ 86.331165093509043, 26.094902545634628, 0.0 ], [ 86.330708281333031, 26.092584388069152, 0.0 ], [ 86.330527349793144, 26.091870226479308, 0.0 ], [ 86.330613479349879, 26.091573682510674, 0.0 ], [ 86.332475516567527, 26.091296853280706, 0.0 ], [ 86.332493415602116, 26.089021526337362, 0.0 ], [ 86.333089664175262, 26.088794032859884, 0.0 ], [ 86.333913365718303, 26.088129659893646, 0.0 ], [ 86.334732026355468, 26.088236559318197, 0.0 ], [ 86.335037656618923, 26.088977055306309, 0.0 ], [ 86.335632027095357, 26.089230139310331, 0.0 ], [ 86.336435580437367, 26.089477629542372, 0.0 ], [ 86.33760254484875, 26.08955973952013, 0.0 ], [ 86.338280928860726, 26.089534373379866, 0.0 ], [ 86.338950255037759, 26.089507226932259, 0.0 ], [ 86.339729731838204, 26.089592059894947, 0.0 ], [ 86.34009518321507, 26.089507953729573, 0.0 ], [ 86.340211921268022, 26.0891969736333, 0.0 ], [ 86.340396980266263, 26.087400973492016, 0.0 ], [ 86.340646711958414, 26.086553353003122, 0.0 ], [ 86.340899364792037, 26.086075951150711, 0.0 ], [ 86.341285472763047, 26.085872296147127, 0.0 ], [ 86.341905793590811, 26.086699059093721, 0.0 ], [ 86.342200307312169, 26.086781667129824, 0.0 ], [ 86.342476564998691, 26.086552676824375, 0.0 ], [ 86.343186101154487, 26.085729720728267, 0.0 ], [ 86.343557947993062, 26.085392811383848, 0.0 ], [ 86.343923810760629, 26.085231946617206, 0.0 ], [ 86.344543887937363, 26.085207677656186, 0.0 ], [ 86.345135376228455, 26.084930453306082, 0.0 ], [ 86.344990131903316, 26.084223848601866, 0.0 ], [ 86.344863126557286, 26.083543205128979, 0.0 ], [ 86.345364769573649, 26.083238483679136, 0.0 ], [ 86.34625743151156, 26.082741400000291, 0.0 ], [ 86.347060551828179, 26.082162642085731, 0.0 ], [ 86.347817970061797, 26.081710083633794, 0.0 ], [ 86.348501792558579, 26.081004365319046, 0.0 ], [ 86.34903173119686, 26.080099303043117, 0.0 ], [ 86.349510224639076, 26.079455859175713, 0.0 ], [ 86.350196828714672, 26.079147439415305, 0.0 ], [ 86.35086236387771, 26.079033052841851, 0.0 ], [ 86.351248095395817, 26.078890317420118, 0.0 ], [ 86.35255304572226, 26.078864576352903, 0.0 ], [ 86.353786843794893, 26.079050696083929, 0.0 ], [ 86.354680923985327, 26.079194654316119, 0.0 ], [ 86.355686891715962, 26.078991473781464, 0.0 ], [ 86.356554707337452, 26.078453583020728, 0.0 ], [ 86.357177860228603, 26.076943933909192, 0.0 ], [ 86.357339458836748, 26.07664668301209, 0.0 ], [ 86.35866677128098, 26.077099544918298, 0.0 ], [ 86.359228161229979, 26.07595863291543, 0.0 ], [ 86.359783943112433, 26.074829093329672, 0.0 ], [ 86.36063380001552, 26.072986345201453, 0.0 ], [ 86.361433474425027, 26.072095973536101, 0.0 ], [ 86.361824994458431, 26.070878733353172, 0.0 ], [ 86.362056194004708, 26.06880298726745, 0.0 ], [ 86.362139008055706, 26.06841998388029, 0.0 ], [ 86.363128882292543, 26.067335928015666, 0.0 ], [ 86.363654550516102, 26.066263744506614, 0.0 ], [ 86.364228779673724, 26.065453626153605, 0.0 ], [ 86.364317313633677, 26.06479486744588, 0.0 ], [ 86.364436009257219, 26.064104638145679, 0.0 ], [ 86.364592304109607, 26.063857017202626, 0.0 ], [ 86.365668030760631, 26.063667615383466, 0.0 ], [ 86.366334507836825, 26.063359027809152, 0.0 ], [ 86.367273472865236, 26.062573071249332, 0.0 ], [ 86.368301377641458, 26.061977115182373, 0.0 ], [ 86.36937829116151, 26.061561955650511, 0.0 ], [ 86.371218823778278, 26.060425502518139, 0.0 ], [ 86.371598784487702, 26.06041135581377, 0.0 ], [ 86.372423768240594, 26.060837071868509, 0.0 ], [ 86.373339686424984, 26.060143525959766, 0.0 ], [ 86.374094407505794, 26.059212252632015, 0.0 ], [ 86.374367818112432, 26.058554287409667, 0.0 ], [ 86.373844572682557, 26.057314983716484, 0.0 ], [ 86.373677608951255, 26.056754432370489, 0.0 ], [ 86.373842807024388, 26.05576642345321, 0.0 ], [ 86.374460399411532, 26.054297299026878, 0.0 ], [ 86.376149566255492, 26.051357907831662, 0.0 ], [ 86.376690052695224, 26.050907349907106, 0.0 ], [ 86.378076301268464, 26.051044255275851, 0.0 ], [ 86.378818264881644, 26.051092597288971, 0.0 ], [ 86.378326656567253, 26.05001145926073, 0.0 ], [ 86.378599927195438, 26.049371543730491, 0.0 ], [ 86.379457645412998, 26.048316526468518, 0.0 ], [ 86.379880348053192, 26.047295754728612, 0.0 ], [ 86.380061909473142, 26.046985017130506, 0.0 ], [ 86.379951614682739, 26.04609965493345, 0.0 ], [ 86.379975523138128, 26.045354825861228, 0.0 ], [ 86.380702284682272, 26.044960647870546, 0.0 ], [ 86.380828864242517, 26.044649673926507, 0.0 ], [ 86.380064831018117, 26.044529012045516, 0.0 ], [ 86.378944248248132, 26.044731874995374, 0.0 ], [ 86.377615903272769, 26.044527507636445, 0.0 ], [ 86.376835081894043, 26.043801781967733, 0.0 ], [ 86.376473767089394, 26.04219071841537, 0.0 ], [ 86.376678997032641, 26.040238979824274, 0.0 ], [ 86.37720581292163, 26.03984846993324, 0.0 ], [ 86.378122024293617, 26.039536385803558, 0.0 ], [ 86.379032901293655, 26.039287479796606, 0.0 ], [ 86.379993843915457, 26.039020723610513, 0.0 ], [ 86.381095043776241, 26.038691356204151, 0.0 ], [ 86.381149317978043, 26.038348468880557, 0.0 ], [ 86.38025067041599, 26.037699006626962, 0.0 ], [ 86.380062073396189, 26.037449886609487, 0.0 ], [ 86.38029401894741, 26.037058098667593, 0.0 ], [ 86.380639813200872, 26.036874477458095, 0.0 ], [ 86.381782723326666, 26.037163802735289, 0.0 ], [ 86.382628310966595, 26.037925896933622, 0.0 ], [ 86.383404912188666, 26.03850258760686, 0.0 ], [ 86.383611153659928, 26.038246127500589, 0.0 ], [ 86.383750096125695, 26.037479213497242, 0.0 ], [ 86.384069119303604, 26.037157770685177, 0.0 ], [ 86.385119860415514, 26.037394756121301, 0.0 ], [ 86.385535822976379, 26.037170789666455, 0.0 ], [ 86.38612941802252, 26.036423865599769, 0.0 ], [ 86.386791280970996, 26.035040649470275, 0.0 ], [ 86.387245873128407, 26.034112540332828, 0.0 ], [ 86.387937441368535, 26.033740748669885, 0.0 ], [ 86.388531731743214, 26.033653000230419, 0.0 ], [ 86.38772055753978, 26.032981331576206, 0.0 ], [ 86.387533500536676, 26.032434253779925, 0.0 ], [ 86.387375606509735, 26.032045316246794, 0.0 ], [ 86.387624664386607, 26.031238231653823, 0.0 ], [ 86.388220885115956, 26.0299766259538, 0.0 ], [ 86.388353806748256, 26.029399300621513, 0.0 ], [ 86.388231023042039, 26.028985681075646, 0.0 ], [ 86.387601357148213, 26.028989785867495, 0.0 ], [ 86.386295715223198, 26.029255132326945, 0.0 ], [ 86.3857012760365, 26.029211973505188, 0.0 ], [ 86.384922675041636, 26.029028072440514, 0.0 ], [ 86.38403543884678, 26.028595391604178, 0.0 ], [ 86.38339384076184, 26.028014767322698, 0.0 ], [ 86.382798734627542, 26.027145394918925, 0.0 ], [ 86.382542767240551, 26.026403882245649, 0.0 ], [ 86.382684524608848, 26.026052337309551, 0.0 ], [ 86.382935787181424, 26.025782525143054, 0.0 ], [ 86.383395622338398, 26.025761913840068, 0.0 ], [ 86.38391923744561, 26.025967310347369, 0.0 ], [ 86.384397105007878, 26.02632149822286, 0.0 ], [ 86.385313014695541, 26.027002608850481, 0.0 ], [ 86.38608998166788, 26.027498020206835, 0.0 ], [ 86.386399466623956, 26.027562541131118, 0.0 ], [ 86.386685281490273, 26.02737413444747, 0.0 ], [ 86.387075162905745, 26.02639157219442, 0.0 ], [ 86.387465558039068, 26.026271329095461, 0.0 ], [ 86.388111147966654, 26.026084444252017, 0.0 ], [ 86.388268206419312, 26.025669751265102, 0.0 ], [ 86.38856309214313, 26.023729654061224, 0.0 ], [ 86.388471685518624, 26.023047539753058, 0.0 ], [ 86.388198663748341, 26.022698747758955, 0.0 ], [ 86.387509434197483, 26.022632622376548, 0.0 ], [ 86.38616013680172, 26.02265850077325, 0.0 ], [ 86.385290906617513, 26.02261417454514, 0.0 ], [ 86.384792192803573, 26.022426947684707, 0.0 ], [ 86.383668180149456, 26.021415367982893, 0.0 ], [ 86.382639618890124, 26.020309379073673, 0.0 ], [ 86.381586803405753, 26.019067835568329, 0.0 ], [ 86.380923080584935, 26.017954364726091, 0.0 ], [ 86.380742115753506, 26.017208654955787, 0.0 ], [ 86.380969660536849, 26.016694946625325, 0.0 ], [ 86.381839742956515, 26.016567742134477, 0.0 ], [ 86.382567536039062, 26.016895915253471, 0.0 ], [ 86.383852331132815, 26.017727597053195, 0.0 ], [ 86.38485759306711, 26.018508416797982, 0.0 ], [ 86.385654042391494, 26.019089692856994, 0.0 ], [ 86.386207648702396, 26.019288436859494, 0.0 ], [ 86.386319135235112, 26.018988679177134, 0.0 ], [ 86.386205927317917, 26.018658620888729, 0.0 ], [ 86.385752332603673, 26.016525727666384, 0.0 ], [ 86.385519371617264, 26.0142447840662, 0.0 ], [ 86.385456109768413, 26.012960065973566, 0.0 ], [ 86.384194937250484, 26.01335425581177, 0.0 ], [ 86.383349343591249, 26.013580903955724, 0.0 ], [ 86.382684680265498, 26.013605156259867, 0.0 ], [ 86.382251198164383, 26.013373052301102, 0.0 ], [ 86.381791404661257, 26.012441046040212, 0.0 ], [ 86.38128814534582, 26.012177037200345, 0.0 ], [ 86.380944700366172, 26.011927255472042, 0.0 ], [ 86.380602653470362, 26.011411107685486, 0.0 ], [ 86.380761967970301, 26.010567529660147, 0.0 ], [ 86.381175803497626, 26.009779218640173, 0.0 ], [ 86.381517297644876, 26.009446587824598, 0.0 ], [ 86.382584327622524, 26.008909376821023, 0.0 ], [ 86.383503289752255, 26.008021631769441, 0.0 ], [ 86.384084165237937, 26.0082498457706, 0.0 ], [ 86.385033762854306, 26.008671502963864, 0.0 ], [ 86.385878448190098, 26.008611885919223, 0.0 ], [ 86.3862447898791, 26.008301922621673, 0.0 ], [ 86.385765539559358, 26.007266007217076, 0.0 ], [ 86.385491018646761, 26.006253533308296, 0.0 ], [ 86.385894414486273, 26.005871540124101, 0.0 ], [ 86.387115143269725, 26.005222029235664, 0.0 ], [ 86.387958785750214, 26.004394885511875, 0.0 ], [ 86.388851073122296, 26.002854608557438, 0.0 ], [ 86.387343067212512, 26.002699239996044, 0.0 ], [ 86.386520542267093, 26.002348116449614, 0.0 ], [ 86.38608411565049, 26.001727741006963, 0.0 ], [ 86.386041944683271, 26.001190304279731, 0.0 ], [ 86.386313763710348, 26.0007986730845, 0.0 ], [ 86.387088146105143, 26.000797442060119, 0.0 ], [ 86.387547227079452, 26.000903226841388, 0.0 ], [ 86.38860266563357, 26.000654864855662, 0.0 ], [ 86.388991385315293, 26.000841614058395, 0.0 ], [ 86.389492256828817, 26.001561577931241, 0.0 ], [ 86.390082962961998, 26.001333816478802, 0.0 ], [ 86.390542375344296, 26.001376385888818, 0.0 ], [ 86.391345573800962, 26.001600992752373, 0.0 ], [ 86.392095586565887, 26.001482248350783, 0.0 ], [ 86.39239738504682, 26.001086217169885, 0.0 ], [ 86.392708669033425, 26.00000493003644, 0.0 ], [ 86.392912347694164, 25.999205357570553, 0.0 ], [ 86.392762425997006, 25.998650313996102, 0.0 ], [ 86.392392788670321, 25.998289295205012, 0.0 ], [ 86.390949427606884, 25.997621539278722, 0.0 ], [ 86.390579776426705, 25.997400383970874, 0.0 ], [ 86.390365000979173, 25.997120555556943, 0.0 ], [ 86.390854361630886, 25.995983268913061, 0.0 ], [ 86.392082600884223, 25.994511834120154, 0.0 ], [ 86.393405852452517, 25.993288557510695, 0.0 ], [ 86.394758997648154, 25.992426394214768, 0.0 ], [ 86.395802671757949, 25.992038152267668, 0.0 ], [ 86.396751398579212, 25.991595690423519, 0.0 ], [ 86.397091013784731, 25.991397101677983, 0.0 ], [ 86.397215809170461, 25.991121768215866, 0.0 ], [ 86.3963866671359, 25.990647961568701, 0.0 ], [ 86.395522699807771, 25.99014718593989, 0.0 ], [ 86.395033292583904, 25.990038861901393, 0.0 ], [ 86.394139436254164, 25.990205961235564, 0.0 ], [ 86.392791163751269, 25.99070713683772, 0.0 ], [ 86.390883677929537, 25.991343737841802, 0.0 ], [ 86.389899902496367, 25.991623571503577, 0.0 ], [ 86.389440467418822, 25.991650708654348, 0.0 ], [ 86.389100872073584, 25.991456674388623, 0.0 ], [ 86.389040869639828, 25.990481861232379, 0.0 ], [ 86.389255546716385, 25.989985419559883, 0.0 ], [ 86.389809745567533, 25.989231623067916, 0.0 ], [ 86.390483746932617, 25.988261259172273, 0.0 ], [ 86.39128272042251, 25.98787301066579, 0.0 ], [ 86.392146570283046, 25.987399069629053, 0.0 ], [ 86.392376206919749, 25.987137273473763, 0.0 ], [ 86.392309014920201, 25.986823778724993, 0.0 ], [ 86.391457237311016, 25.986189641841381, 0.0 ], [ 86.38997904003196, 25.98546764354283, 0.0 ], [ 86.389000327035291, 25.984912620074471, 0.0 ], [ 86.388380970192642, 25.984109352382404, 0.0 ], [ 86.388166215188164, 25.983387253285152, 0.0 ], [ 86.38856562190638, 25.982385305251409, 0.0 ], [ 86.389549169830929, 25.981690208687915, 0.0 ], [ 86.390807515457766, 25.981193557736582, 0.0 ], [ 86.39133166984756, 25.980773812609069, 0.0 ], [ 86.391668307220982, 25.980203994782407, 0.0 ], [ 86.392035618333509, 25.979582249722274, 0.0 ], [ 86.392664516755062, 25.978178624919675, 0.0 ], [ 86.393158770998838, 25.977235302523518, 0.0 ], [ 86.393892644439063, 25.976707167716221, 0.0 ], [ 86.394446841541026, 25.976540093031819, 0.0 ], [ 86.394661596843648, 25.97629186542402, 0.0 ], [ 86.394506727385448, 25.975984933805691, 0.0 ], [ 86.393854745875558, 25.975783681512429, 0.0 ], [ 86.392294648061494, 25.975484272777994, 0.0 ], [ 86.391650561995448, 25.975181965473276, 0.0 ], [ 86.391310969330732, 25.974820979729287, 0.0 ], [ 86.390361980470203, 25.972875897160478, 0.0 ], [ 86.389747778427889, 25.971625781899029, 0.0 ], [ 86.388719082880854, 25.971003095513776, 0.0 ], [ 86.387580696428415, 25.970750421983958, 0.0 ], [ 86.38632249721563, 25.970583553224387, 0.0 ], [ 86.385463699819837, 25.970335388775418, 0.0 ], [ 86.384634772725519, 25.969780340386233, 0.0 ], [ 86.3835263129249, 25.96894544542031, 0.0 ], [ 86.382208153889138, 25.967889414803693, 0.0 ], [ 86.381254450913673, 25.966445214205397, 0.0 ], [ 86.380640360299765, 25.965389198121873, 0.0 ], [ 86.380580370553062, 25.964865677627742, 0.0 ], [ 86.380884948859261, 25.964251885627927, 0.0 ], [ 86.381573846802112, 25.963570297517311, 0.0 ], [ 86.382008148381658, 25.963209253440386, 0.0 ], [ 86.38194326175352, 25.962933935080159, 0.0 ], [ 86.381299167414809, 25.962460110576583, 0.0 ], [ 86.380225818474159, 25.961823809933559, 0.0 ], [ 86.380070988620119, 25.961462686239827, 0.0 ], [ 86.380315661732112, 25.961128736311295, 0.0 ], [ 86.380899685286607, 25.960767703847978, 0.0 ], [ 86.381423967114358, 25.960541948449926, 0.0 ], [ 86.382497374413859, 25.96082175197013, 0.0 ], [ 86.383570774027419, 25.961295593271291, 0.0 ], [ 86.384279761713955, 25.961737809860345, 0.0 ], [ 86.384494459689918, 25.962017646842085, 0.0 ], [ 86.384554464941331, 25.963597266384003, 0.0 ], [ 86.384649403290453, 25.964183960450882, 0.0 ], [ 86.385078750998744, 25.964486289493713, 0.0 ], [ 86.385997432092708, 25.964350861912152, 0.0 ], [ 86.387535075057542, 25.963863068999135, 0.0 ], [ 86.387534947869526, 25.962184405133083, 0.0 ], [ 86.388024002569892, 25.960406199054102, 0.0 ], [ 86.388637869577011, 25.958961891176756, 0.0 ], [ 86.389436527158082, 25.957377677623469, 0.0 ], [ 86.389651106455631, 25.956461537147661, 0.0 ], [ 86.389391361197781, 25.955116566984138, 0.0 ], [ 86.387609098558272, 25.955365029020133, 0.0 ], [ 86.386410971384478, 25.955143969503617, 0.0 ], [ 86.385826862856604, 25.954837104934143, 0.0 ], [ 86.384658509395308, 25.953866791137081, 0.0 ], [ 86.383894650182626, 25.953171876739429, 0.0 ], [ 86.382851316062727, 25.95255811644639, 0.0 ], [ 86.382387038716246, 25.952030073180516, 0.0 ], [ 86.382297045458031, 25.951226777497155, 0.0 ], [ 86.382851134528764, 25.949949465545611, 0.0 ], [ 86.383584940109799, 25.949141552122736, 0.0 ], [ 86.384368635652137, 25.949128000603299, 0.0 ], [ 86.385298942938746, 25.949712013534736, 0.0 ], [ 86.385854183204472, 25.950014603565062, 0.0 ], [ 86.386182481230449, 25.950264309024494, 0.0 ], [ 86.386785389490569, 25.950524207022305, 0.0 ], [ 86.387418427266326, 25.95075262634413, 0.0 ], [ 86.387927368959581, 25.950836044248753, 0.0 ], [ 86.38865666813102, 25.950798491285653, 0.0 ], [ 86.389217249315735, 25.950552543278739, 0.0 ], [ 86.389532321646641, 25.950463575005422, 0.0 ], [ 86.389962062075952, 25.950411208227042, 0.0 ], [ 86.390469694199183, 25.950264357407988, 0.0 ], [ 86.391521893001155, 25.949099448339666, 0.0 ], [ 86.392134832001176, 25.948379652947761, 0.0 ], [ 86.392167227510839, 25.947905735170156, 0.0 ], [ 86.391978745030912, 25.947656629196722, 0.0 ], [ 86.391214998329886, 25.947599243514762, 0.0 ], [ 86.390752008463082, 25.947321893040609, 0.0 ], [ 86.390140492949044, 25.946795602258966, 0.0 ], [ 86.389338108740404, 25.946485214521879, 0.0 ], [ 86.388695918695248, 25.946098747734933, 0.0 ], [ 86.388575512542459, 25.945723511205497, 0.0 ], [ 86.389588938950226, 25.945294363404148, 0.0 ], [ 86.390261232849738, 25.944683182264537, 0.0 ], [ 86.390508191862864, 25.944241770017694, 0.0 ], [ 86.39047681736578, 25.943546358369506, 0.0 ], [ 86.390290521090691, 25.942636785463939, 0.0 ], [ 86.390106615989552, 25.941738877239786, 0.0 ], [ 86.390125246587885, 25.941030130555419, 0.0 ], [ 86.390346442167413, 25.940742113560038, 0.0 ], [ 86.390888229290397, 25.940256793577923, 0.0 ], [ 86.391535174016354, 25.939713220559888, 0.0 ], [ 86.391552148188524, 25.939325018499897, 0.0 ], [ 86.391456507782792, 25.938988263391945, 0.0 ], [ 86.39068480591267, 25.939032424428859, 0.0 ], [ 86.389935444596588, 25.939101508222571, 0.0 ], [ 86.389581271860848, 25.939032293551797, 0.0 ], [ 86.389562950453481, 25.938711665622485, 0.0 ], [ 86.390073936155673, 25.938388750731445, 0.0 ], [ 86.390796026815465, 25.937795834851023, 0.0 ], [ 86.391663910617268, 25.937009389867129, 0.0 ], [ 86.392080638235242, 25.936564172465022, 0.0 ], [ 86.392373113152317, 25.936005563040855, 0.0 ], [ 86.39271558629386, 25.935433617313418, 0.0 ], [ 86.393025645568869, 25.935340105831948, 0.0 ], [ 86.393336767138848, 25.935526516678802, 0.0 ], [ 86.393284799404483, 25.936411201789404, 0.0 ], [ 86.393156547477318, 25.9370788571247, 0.0 ], [ 86.393402598397543, 25.93778419819186, 0.0 ], [ 86.393600686098466, 25.93810557862783, 0.0 ], [ 86.393989002182181, 25.938332944211393, 0.0 ], [ 86.394453189008871, 25.938371004279592, 0.0 ], [ 86.394908934435122, 25.93810653432643, 0.0 ], [ 86.395175696498256, 25.937692285544919, 0.0 ], [ 86.395357457341007, 25.937300255073929, 0.0 ], [ 86.395695640512542, 25.936588326391266, 0.0 ], [ 86.39595691933232, 25.936268863553536, 0.0 ], [ 86.396542981094498, 25.935905606232065, 0.0 ], [ 86.397348392587006, 25.935610980555154, 0.0 ], [ 86.397888315582733, 25.935482296485951, 0.0 ], [ 86.398302743950978, 25.935484017704042, 0.0 ], [ 86.398732175071345, 25.935481285469532, 0.0 ], [ 86.399240488504802, 25.935677531547427, 0.0 ], [ 86.399718731217135, 25.935896224665125, 0.0 ], [ 86.400182795880667, 25.935956840022808, 0.0 ], [ 86.400567267530931, 25.935958430859451, 0.0 ], [ 86.401287649069246, 25.935690520296188, 0.0 ], [ 86.402148450239935, 25.935301286557259, 0.0 ], [ 86.402834820101674, 25.934981990244406, 0.0 ], [ 86.403117655006056, 25.934702554144248, 0.0 ], [ 86.402877390299707, 25.934324576498486, 0.0 ], [ 86.402459247821156, 25.934070022532861, 0.0 ], [ 86.401951915304025, 25.933679655231185, 0.0 ], [ 86.401773351226794, 25.933444147814637, 0.0 ], [ 86.401536992283482, 25.932788522566856, 0.0 ], [ 86.401565606403494, 25.932066269683357, 0.0 ], [ 86.401753994950965, 25.931344676457972, 0.0 ], [ 86.401793277010285, 25.930487022965551, 0.0 ], [ 86.401874063385762, 25.929814648009831, 0.0 ], [ 86.402215139760372, 25.929506790659683, 0.0 ], [ 86.402897133149736, 25.929417047877951, 0.0 ], [ 86.403481456967882, 25.929387851245753, 0.0 ], [ 86.403866816879855, 25.929208843957774, 0.0 ], [ 86.404268083999071, 25.928844793706595, 0.0 ], [ 86.40452489737676, 25.928412426147059, 0.0 ], [ 86.404697035331282, 25.927939076871162, 0.0 ], [ 86.404693857444116, 25.927577877990853, 0.0 ], [ 86.404472131097492, 25.926990039850089, 0.0 ], [ 86.404299767646521, 25.926515275253756, 0.0 ], [ 86.404226283698208, 25.926235053278191, 0.0 ], [ 86.404303058978698, 25.925860639098342, 0.0 ], [ 86.404380740079745, 25.925305634310885, 0.0 ], [ 86.404409130633638, 25.924624012778189, 0.0 ], [ 86.404360167588166, 25.923935300900681, 0.0 ], [ 86.403763436386384, 25.92345879068931, 0.0 ], [ 86.402588141419017, 25.92336139624064, 0.0 ], [ 86.401494805384985, 25.923347855229608, 0.0 ], [ 86.40060201869268, 25.923168088022329, 0.0 ], [ 86.399751065006484, 25.922803830874805, 0.0 ], [ 86.398651858690044, 25.92277624906033, 0.0 ], [ 86.395445861973286, 25.92291190008342, 0.0 ], [ 86.392523648921042, 25.923202174183217, 0.0 ], [ 86.391604988552615, 25.923202835421364, 0.0 ], [ 86.391230241876244, 25.9232599545646, 0.0 ], [ 86.390621284506921, 25.923230306259477, 0.0 ], [ 86.390012606783984, 25.923146479419884, 0.0 ], [ 86.389278416181426, 25.923197565013695, 0.0 ], [ 86.38850862522645, 25.923374911625533, 0.0 ], [ 86.387929461132074, 25.92337698209521, 0.0 ], [ 86.386745140383994, 25.923579657253082, 0.0 ], [ 86.385820431390172, 25.923783423053401, 0.0 ], [ 86.385345617958706, 25.923880736044406, 0.0 ], [ 86.38498591550777, 25.92392435783567, 0.0 ], [ 86.383831776017161, 25.924081988501339, 0.0 ], [ 86.381573837701566, 25.924316171121458, 0.0 ], [ 86.380375204452875, 25.924387803640307, 0.0 ], [ 86.379942318667688, 25.924542935766421, 0.0 ], [ 86.379643916770718, 25.924836155990288, 0.0 ], [ 86.379749453993767, 25.925658303484841, 0.0 ], [ 86.379934663666958, 25.926521425008154, 0.0 ], [ 86.380401901682163, 25.928830492640397, 0.0 ], [ 86.380736353926835, 25.93075523141168, 0.0 ], [ 86.378671373476877, 25.931301712677616, 0.0 ], [ 86.376026835957958, 25.931913392280649, 0.0 ], [ 86.374751013174162, 25.932404521105887, 0.0 ], [ 86.373809687014401, 25.932901599082456, 0.0 ], [ 86.373452845023408, 25.933342506788506, 0.0 ], [ 86.373802431796406, 25.934274068104422, 0.0 ], [ 86.372107755262874, 25.934650491630453, 0.0 ], [ 86.371650656719254, 25.935163197946167, 0.0 ], [ 86.371181291081896, 25.936104755029447, 0.0 ], [ 86.370510989654889, 25.936332099144657, 0.0 ], [ 86.369882119270912, 25.936279702337611, 0.0 ], [ 86.369434228903557, 25.935997835408333, 0.0 ], [ 86.368605130995391, 25.936039372609649, 0.0 ], [ 86.367740985276626, 25.936098811871481, 0.0 ], [ 86.367730946052916, 25.93517323327691, 0.0 ], [ 86.366686114015351, 25.93540795490869, 0.0 ], [ 86.366361393923455, 25.93543813812088, 0.0 ], [ 86.366180877507333, 25.934647258737964, 0.0 ], [ 86.365701386684819, 25.933843418287537, 0.0 ], [ 86.365072185718915, 25.932822940778049, 0.0 ], [ 86.364486381220203, 25.93219281494077, 0.0 ], [ 86.363359411724545, 25.930991445180041, 0.0 ], [ 86.362952689573305, 25.930488515067896, 0.0 ], [ 86.362651257144208, 25.929904780448798, 0.0 ], [ 86.362753736884216, 25.929417632777643, 0.0 ], [ 86.363466308177308, 25.92875257379967, 0.0 ], [ 86.364033668923014, 25.928163625661355, 0.0 ], [ 86.364179913114143, 25.927893379925628, 0.0 ], [ 86.364193269755845, 25.927265745789381, 0.0 ], [ 86.363365344507827, 25.927099712477645, 0.0 ], [ 86.362272349606712, 25.927018154944864, 0.0 ], [ 86.362180684130465, 25.925496263094448, 0.0 ], [ 86.362257166096896, 25.924273088291386, 0.0 ], [ 86.362083423580756, 25.92223163199229, 0.0 ], [ 86.362080884296731, 25.921789173355705, 0.0 ], [ 86.359002425421508, 25.922330909085591, 0.0 ], [ 86.356835546649421, 25.922343883060041, 0.0 ], [ 86.35622234910538, 25.922178627800733, 0.0 ], [ 86.355513350391092, 25.921481668838929, 0.0 ], [ 86.355111149582484, 25.920864394896995, 0.0 ], [ 86.354399586949796, 25.918594796662443, 0.0 ], [ 86.353920300836947, 25.916764165950756, 0.0 ], [ 86.353440364159738, 25.914647460323778, 0.0 ], [ 86.35298340610963, 25.91371249440267, 0.0 ], [ 86.351738847066741, 25.913070346033102, 0.0 ], [ 86.350156248906501, 25.912169329558406, 0.0 ], [ 86.34992792426894, 25.911929020958127, 0.0 ], [ 86.349714909228027, 25.91071809788091, 0.0 ], [ 86.349553490424171, 25.910112390184615, 0.0 ], [ 86.348586405566323, 25.909859734176681, 0.0 ], [ 86.347949168683911, 25.909540832863865, 0.0 ], [ 86.347395804656642, 25.909402899142584, 0.0 ], [ 86.346983216288123, 25.908177529339039, 0.0 ], [ 86.346799192988271, 25.907147324505516, 0.0 ], [ 86.346993755921801, 25.906263298778988, 0.0 ], [ 86.347711587186041, 25.905539646328325, 0.0 ], [ 86.348991486576963, 25.904272222353519, 0.0 ], [ 86.349605431726829, 25.903372015636194, 0.0 ], [ 86.349978307689682, 25.902737099126149, 0.0 ], [ 86.350015005642689, 25.902416712157454, 0.0 ], [ 86.350133326349066, 25.901776139869281, 0.0 ], [ 86.347368026016511, 25.901750176669537, 0.0 ], [ 86.347274574637424, 25.902404402630868, 0.0 ], [ 86.345966357260124, 25.902470745420345, 0.0 ], [ 86.344090884366352, 25.902209445150408, 0.0 ], [ 86.343368093185447, 25.902025582231708, 0.0 ], [ 86.34268526127525, 25.901837381191235, 0.0 ], [ 86.342074481487103, 25.901258974162563, 0.0 ], [ 86.342174466728849, 25.900331634829211, 0.0 ], [ 86.34230862154314, 25.899993632301523, 0.0 ], [ 86.340343886650416, 25.900084034544633, 0.0 ], [ 86.338120421177379, 25.900471206150812, 0.0 ], [ 86.336931060855321, 25.900709572206324, 0.0 ], [ 86.336416547275505, 25.900774940771175, 0.0 ], [ 86.3357223362582, 25.900839484346072, 0.0 ], [ 86.335818580636712, 25.899697680567019, 0.0 ], [ 86.335925486678079, 25.89843402429344, 0.0 ], [ 86.335783071349681, 25.897124078516757, 0.0 ], [ 86.335823875049371, 25.896076830711223, 0.0 ], [ 86.335575380812813, 25.894992139431526, 0.0 ], [ 86.3354392892237, 25.894336868338456, 0.0 ], [ 86.335529905062003, 25.893307907232845, 0.0 ], [ 86.335585860670633, 25.890445775366434, 0.0 ], [ 86.335572037223187, 25.889348612642866, 0.0 ], [ 86.335641950603758, 25.888450485751374, 0.0 ], [ 86.335411464899337, 25.887718030950641, 0.0 ], [ 86.335199657044924, 25.887215916092604, 0.0 ], [ 86.33437899834756, 25.886701979230715, 0.0 ], [ 86.333566402599544, 25.886531200806136, 0.0 ], [ 86.331949041548228, 25.886573425478471, 0.0 ], [ 86.331395364694103, 25.885627278929856, 0.0 ], [ 86.330817558925176, 25.885421448475881, 0.0 ], [ 86.330465583044202, 25.885195281997614, 0.0 ], [ 86.330207341091281, 25.884768499548322, 0.0 ], [ 86.329865519644642, 25.883430538018391, 0.0 ], [ 86.329761124153379, 25.882472915315759, 0.0 ], [ 86.330144196713746, 25.881806492332899, 0.0 ], [ 86.331045337535812, 25.881314020407402, 0.0 ], [ 86.330968660377224, 25.879864412232461, 0.0 ], [ 86.32963547681949, 25.87997564387064, 0.0 ], [ 86.329647441403495, 25.880508446939871, 0.0 ], [ 86.327998913997959, 25.880780739677174, 0.0 ], [ 86.326233798696364, 25.881368508932514, 0.0 ], [ 86.325573760823005, 25.881586668095874, 0.0 ], [ 86.324971073575369, 25.881517704823128, 0.0 ], [ 86.324803963894581, 25.880919411354576, 0.0 ], [ 86.324900291773545, 25.879777612732138, 0.0 ], [ 86.325085576808576, 25.878789730688307, 0.0 ], [ 86.325270859017095, 25.877801848647373, 0.0 ], [ 86.325353191680136, 25.875608032940644, 0.0 ], [ 86.325447108660057, 25.874010225469988, 0.0 ], [ 86.325360702921444, 25.873558183206434, 0.0 ], [ 86.325272632002807, 25.873097422164239, 0.0 ], [ 86.324517236467159, 25.871662712394503, 0.0 ], [ 86.323794401152384, 25.870648027895037, 0.0 ], [ 86.323348666643625, 25.870049994473124, 0.0 ], [ 86.322619393448193, 25.869292618445805, 0.0 ], [ 86.321629013248597, 25.868818452661948, 0.0 ], [ 86.31981903055879, 25.868552637249977, 0.0 ], [ 86.318299135876231, 25.868175292476757, 0.0 ], [ 86.316978833228717, 25.867803385233945, 0.0 ], [ 86.315493863719155, 25.867430690198052, 0.0 ], [ 86.314831732584821, 25.86715667751799, 0.0 ], [ 86.314220601106015, 25.866693280922558, 0.0 ], [ 86.313854496307286, 25.864847249517702, 0.0 ], [ 86.313924846576469, 25.864330635860579, 0.0 ], [ 86.313684245814855, 25.863652277152639, 0.0 ], [ 86.313339249810625, 25.86290570089194, 0.0 ], [ 86.313401737822829, 25.862454514775735, 0.0 ], [ 86.313607994947532, 25.862166542241109, 0.0 ], [ 86.313995394271757, 25.862050988752287, 0.0 ], [ 86.314490149073379, 25.862355817799017, 0.0 ], [ 86.314837207415849, 25.86274573111346, 0.0 ], [ 86.315235078475794, 25.862977863933974, 0.0 ], [ 86.315604182048432, 25.863006693381323, 0.0 ], [ 86.315964474980333, 25.862832313152559, 0.0 ], [ 86.316301530855469, 25.862359845344873, 0.0 ], [ 86.316444469518473, 25.861800681866978, 0.0 ], [ 86.316381340906602, 25.861497891483523, 0.0 ], [ 86.316144318196308, 25.861063353242379, 0.0 ], [ 86.316016139561, 25.860791860581973, 0.0 ], [ 86.316018036907295, 25.86046228764322, 0.0 ], [ 86.315935859661849, 25.860001389176677, 0.0 ], [ 86.315588701180758, 25.859629537994106, 0.0 ], [ 86.315205887832377, 25.859383932174786, 0.0 ], [ 86.314918559221468, 25.859021391491019, 0.0 ], [ 86.314652415156957, 25.858446753599832, 0.0 ], [ 86.314421618320679, 25.857800045590906, 0.0 ], [ 86.314416724860109, 25.857350798318965, 0.0 ], [ 86.314580388375873, 25.857091968641246, 0.0 ], [ 86.314930268463996, 25.856989779208995, 0.0 ], [ 86.315499098781757, 25.856992461707264, 0.0 ], [ 86.316056988364721, 25.857162139272226, 0.0 ], [ 86.316300576356596, 25.857321305124078, 0.0 ], [ 86.316516153453961, 25.858013087279339, 0.0 ], [ 86.31667642913348, 25.858776846320769, 0.0 ], [ 86.317040564591878, 25.859667978372006, 0.0 ], [ 86.317598825431901, 25.860210125047089, 0.0 ], [ 86.317980278899697, 25.860259322651636, 0.0 ], [ 86.31823101581594, 25.860043789146133, 0.0 ], [ 86.318537390278038, 25.859697586507973, 0.0 ], [ 86.318741177284693, 25.858967142037777, 0.0 ], [ 86.318952276371675, 25.858701758265422, 0.0 ], [ 86.319029011044108, 25.858372536779836, 0.0 ], [ 86.318966679324234, 25.857929791821022, 0.0 ], [ 86.319048352559292, 25.857609622902753, 0.0 ], [ 86.319329511706528, 25.857308448130084, 0.0 ], [ 86.319949971589992, 25.857008861984252, 0.0 ], [ 86.320459893090259, 25.85684194443785, 0.0 ], [ 86.320973461857164, 25.856909812136227, 0.0 ], [ 86.321306819728818, 25.85707841883664, 0.0 ], [ 86.321655535890216, 25.857179374896493, 0.0 ], [ 86.322124674508729, 25.857163506466655, 0.0 ], [ 86.322544251922693, 25.857088712960373, 0.0 ], [ 86.323315484551642, 25.857036627095713, 0.0 ], [ 86.323580314622788, 25.856533704869953, 0.0 ], [ 86.323554372547491, 25.855831529517701, 0.0 ], [ 86.32342146169465, 25.855512615090568, 0.0 ], [ 86.323139903048229, 25.855010157267149, 0.0 ], [ 86.323111854944116, 25.854678186759962, 0.0 ], [ 86.323282723535641, 25.854464529406318, 0.0 ], [ 86.323572123458689, 25.854465878057681, 0.0 ], [ 86.32394485616031, 25.854729473388055, 0.0 ], [ 86.324217849713222, 25.854983574276527, 0.0 ], [ 86.324466319427927, 25.855163066954592, 0.0 ], [ 86.324795381313194, 25.855209745103313, 0.0 ], [ 86.325330006379204, 25.855083557827278, 0.0 ], [ 86.325766665813461, 25.855074298668541, 0.0 ], [ 86.326185488463011, 25.855251348010839, 0.0 ], [ 86.326409975172751, 25.855580687781888, 0.0 ], [ 86.326557772593006, 25.855915470602941, 0.0 ], [ 86.326893237849603, 25.85659425028658, 0.0 ], [ 86.327227668777354, 25.857015678703441, 0.0 ], [ 86.327561100613238, 25.857172985185098, 0.0 ], [ 86.32789309775454, 25.857142918263548, 0.0 ], [ 86.3281912387679, 25.856923071773075, 0.0 ], [ 86.328291791707798, 25.85634789639516, 0.0 ], [ 86.328338561366465, 25.856018530668791, 0.0 ], [ 86.328625244456831, 25.855618036729179, 0.0 ], [ 86.328562010641107, 25.855328795672722, 0.0 ], [ 86.328259834430284, 25.854939122998928, 0.0 ], [ 86.328037008948527, 25.854635598343162, 0.0 ], [ 86.32798912857497, 25.854278705340892, 0.0 ], [ 86.3281663685772, 25.853819013156173, 0.0 ], [ 86.328508161217599, 25.853378141313616, 0.0 ], [ 86.328615058836533, 25.853003904057978, 0.0 ], [ 86.328746215690686, 25.852751680663697, 0.0 ], [ 86.328964862486302, 25.852475887949854, 0.0 ], [ 86.329429659578921, 25.85277741203279, 0.0 ], [ 86.329622012627084, 25.853175605397009, 0.0 ], [ 86.329943868271073, 25.853615029539313, 0.0 ], [ 86.330157174972769, 25.853837240058148, 0.0 ], [ 86.330485395767695, 25.854032891373478, 0.0 ], [ 86.330783477281159, 25.854264522423698, 0.0 ], [ 86.330876755854959, 25.854535841850179, 0.0 ], [ 86.330824775085802, 25.854905818221525, 0.0 ], [ 86.330807518819341, 25.855312073081503, 0.0 ], [ 86.330970069844199, 25.855687552745142, 0.0 ], [ 86.331143337503534, 25.855932152087014, 0.0 ], [ 86.331365054682564, 25.85643431885093, 0.0 ], [ 86.331425452302469, 25.857229206455084, 0.0 ], [ 86.331552190363325, 25.857762540169769, 0.0 ], [ 86.331671045270525, 25.858810527212363, 0.0 ], [ 86.331778256905537, 25.859267018595517, 0.0 ], [ 86.332260877587686, 25.859517554207862, 0.0 ], [ 86.33324314517283, 25.859652998205394, 0.0 ], [ 86.333827592119022, 25.859542811260333, 0.0 ], [ 86.334578574422949, 25.859099286677807, 0.0 ], [ 86.336195787851125, 25.859016393608794, 0.0 ], [ 86.337733313591812, 25.85890603005528, 0.0 ], [ 86.339166326499367, 25.858745511160507, 0.0 ], [ 86.339745423890477, 25.85869848234093, 0.0 ], [ 86.339833108787829, 25.859082641486864, 0.0 ], [ 86.339612551498945, 25.859262231483576, 0.0 ], [ 86.339152255030825, 25.859481364249664, 0.0 ], [ 86.338999545733444, 25.860022448615648, 0.0 ], [ 86.339336599523463, 25.860430317804806, 0.0 ], [ 86.339875007594642, 25.860523063338807, 0.0 ], [ 86.340673919272405, 25.860431882609181, 0.0 ], [ 86.34176743338891, 25.860305914051153, 0.0 ], [ 86.342056873334926, 25.86030271156028, 0.0 ], [ 86.342612271102382, 25.860932789461284, 0.0 ], [ 86.342764586497154, 25.861362387336587, 0.0 ], [ 86.34302823055809, 25.861512570021734, 0.0 ], [ 86.343562006018828, 25.861542074064452, 0.0 ], [ 86.344075804971197, 25.861251712444687, 0.0 ], [ 86.344513085873515, 25.861004591367777, 0.0 ], [ 86.345124245456077, 25.860573926231819, 0.0 ], [ 86.345295519566363, 25.860281233920606, 0.0 ], [ 86.345309031511647, 25.859640188626205, 0.0 ], [ 86.344554852409871, 25.85886023403199, 0.0 ], [ 86.343891098175561, 25.857972328420161, 0.0 ], [ 86.343521625166915, 25.857108324885534, 0.0 ], [ 86.343444756509214, 25.856570712073957, 0.0 ], [ 86.343481604544493, 25.856223236997451, 0.0 ], [ 86.343718540023147, 25.855786369256816, 0.0 ], [ 86.343994743981568, 25.855467063272592, 0.0 ], [ 86.34434045192063, 25.855211279112979, 0.0 ], [ 86.344825920780565, 25.854947095207759, 0.0 ], [ 86.344986883387605, 25.854713050454357, 0.0 ], [ 86.34514330410002, 25.854397717002346, 0.0 ], [ 86.345254668460854, 25.854109270236918, 0.0 ], [ 86.345482940255991, 25.853884557345577, 0.0 ], [ 86.34578550925103, 25.853759505327634, 0.0 ], [ 86.34615498964483, 25.853716020534613, 0.0 ], [ 86.346549766656736, 25.853609441578698, 0.0 ], [ 86.34698794551764, 25.853322463519863, 0.0 ], [ 86.34745494487187, 25.853238780910534, 0.0 ], [ 86.347818741200186, 25.853321682561798, 0.0 ], [ 86.348266445082672, 25.853572009285077, 0.0 ], [ 86.348658794932035, 25.853907867493621, 0.0 ], [ 86.349086074740157, 25.854243881843352, 0.0 ], [ 86.349374239168142, 25.854470915348383, 0.0 ], [ 86.349797386044557, 25.854651146716463, 0.0 ], [ 86.350445685370573, 25.854719513213947, 0.0 ], [ 86.35124914664695, 25.854700530905319, 0.0 ], [ 86.351715755484491, 25.854689071107295, 0.0 ], [ 86.352068339134163, 25.854541655073124, 0.0 ], [ 86.352274096314716, 25.854325860949853, 0.0 ], [ 86.352420543109901, 25.854005960387198, 0.0 ], [ 86.3525794990897, 25.853679343114262, 0.0 ], [ 86.352867472640824, 25.853484230991334, 0.0 ], [ 86.353367147296979, 25.853355526585602, 0.0 ], [ 86.353766734276022, 25.853280552795749, 0.0 ], [ 86.35479863616753, 25.853460092677853, 0.0 ], [ 86.355011028001925, 25.853859470253468, 0.0 ], [ 86.355114145178348, 25.854166937996748, 0.0 ], [ 86.355252411303184, 25.854433927364269, 0.0 ], [ 86.355505685357045, 25.854656279620123, 0.0 ], [ 86.355869050150517, 25.854820425900854, 0.0 ], [ 86.356320140829652, 25.854910465867064, 0.0 ], [ 86.356935377309071, 25.855096042817276, 0.0 ], [ 86.357547817535746, 25.855338040665419, 0.0 ], [ 86.358249099426232, 25.855761022757378, 0.0 ], [ 86.358527818026147, 25.855893185491311, 0.0 ], [ 86.360508685819539, 25.855782707982812, 0.0 ], [ 86.36246115816347, 25.855644133057542, 0.0 ], [ 86.362806538476235, 25.855442481153528, 0.0 ], [ 86.363102392981418, 25.854975785309847, 0.0 ], [ 86.363380226146006, 25.854537513240622, 0.0 ], [ 86.363763791490157, 25.853726522162056, 0.0 ], [ 86.364153692677263, 25.852662725105301, 0.0 ], [ 86.364861115941423, 25.850069782323747, 0.0 ], [ 86.365016394891541, 25.849023016460162, 0.0 ], [ 86.365373416365301, 25.848505369089239, 0.0 ], [ 86.365953754983124, 25.84821443897469, 0.0 ], [ 86.36934994560697, 25.848531721663395, 0.0 ], [ 86.37063163373891, 25.848650152944657, 0.0 ], [ 86.370928988356994, 25.848684074771555, 0.0 ], [ 86.371841868802122, 25.848127154996266, 0.0 ], [ 86.372337965969933, 25.847722962605964, 0.0 ], [ 86.372549069763707, 25.84743040938206, 0.0 ], [ 86.372071923253799, 25.847080702755218, 0.0 ], [ 86.371060656544017, 25.846778346295785, 0.0 ], [ 86.370657568937744, 25.846577947042565, 0.0 ], [ 86.370334480520228, 25.846346288996976, 0.0 ], [ 86.370323050273896, 25.845678040173649, 0.0 ], [ 86.370250457939335, 25.845253329336458, 0.0 ], [ 86.369762847192803, 25.84499838200162, 0.0 ], [ 86.368988740599733, 25.845139496068256, 0.0 ], [ 86.368497595041177, 25.845080925976458, 0.0 ], [ 86.368422383034314, 25.844681034549222, 0.0 ], [ 86.368883552586212, 25.844276702070324, 0.0 ], [ 86.369276790197318, 25.843980429441341, 0.0 ], [ 86.369159174510301, 25.843108551118604, 0.0 ], [ 86.368839020845371, 25.842326090492275, 0.0 ], [ 86.36859212706463, 25.841841926988995, 0.0 ], [ 86.368120627365784, 25.841374846300756, 0.0 ], [ 86.367812573220348, 25.841134218463367, 0.0 ], [ 86.367569186444015, 25.84092999051267, 0.0 ], [ 86.367183878639921, 25.840205935706273, 0.0 ], [ 86.367181795917318, 25.839659628332313, 0.0 ], [ 86.367344666443955, 25.839065314669288, 0.0 ], [ 86.36767825949336, 25.838244124277427, 0.0 ], [ 86.367870167729023, 25.837807018677562, 0.0 ], [ 86.368300321184435, 25.836662115128807, 0.0 ], [ 86.368779710423027, 25.836108871176027, 0.0 ], [ 86.369992167721378, 25.836556590605834, 0.0 ], [ 86.37066526858456, 25.8366362604161, 0.0 ], [ 86.370946104315024, 25.836362069947274, 0.0 ], [ 86.371188818311509, 25.835749099295697, 0.0 ], [ 86.371341154454896, 25.834300488140254, 0.0 ], [ 86.371400396564567, 25.833474523818182, 0.0 ], [ 86.37172389894846, 25.832676792125277, 0.0 ], [ 86.372366581533001, 25.831898497874398, 0.0 ], [ 86.3729980412934, 25.831354926250633, 0.0 ], [ 86.373953926904505, 25.830781144723499, 0.0 ], [ 86.37480991160821, 25.830229501618568, 0.0 ], [ 86.375690759900664, 25.829691504643673, 0.0 ], [ 86.376215230776964, 25.829567340583164, 0.0 ], [ 86.376966163745394, 25.829543473766485, 0.0 ], [ 86.377323517337928, 25.830371227004317, 0.0 ], [ 86.37739655717283, 25.831667306807518, 0.0 ], [ 86.377444319185003, 25.832073849815224, 0.0 ], [ 86.377692670389223, 25.8322825978541, 0.0 ], [ 86.37815158957099, 25.832293592263483, 0.0 ], [ 86.378751772816742, 25.83200269322629, 0.0 ], [ 86.379657513771491, 25.831473809051214, 0.0 ], [ 86.38073244082355, 25.831026907519771, 0.0 ], [ 86.381287255118437, 25.830823844963618, 0.0 ], [ 86.381373952386681, 25.830460766195944, 0.0 ], [ 86.381513410454403, 25.829544841307115, 0.0 ], [ 86.38177081002847, 25.82897254749874, 0.0 ], [ 86.381971714874041, 25.828711539743644, 0.0 ], [ 86.382367737178058, 25.828343004224486, 0.0 ], [ 86.383122443537729, 25.828070802142914, 0.0 ], [ 86.38367736901256, 25.827842898748852, 0.0 ], [ 86.384142101718453, 25.827691363659323, 0.0 ], [ 86.384382556899808, 25.82749824303276, 0.0 ], [ 86.38439603699878, 25.826821068804104, 0.0 ], [ 86.38423820250712, 25.826472754180223, 0.0 ], [ 86.383656999906066, 25.825996228579239, 0.0 ], [ 86.38320552530665, 25.825515735665974, 0.0 ], [ 86.382889025200171, 25.824981637191037, 0.0 ], [ 86.382533064185338, 25.824361586962294, 0.0 ], [ 86.382135442264087, 25.82407997452253, 0.0 ], [ 86.381089799410077, 25.823705305760811, 0.0 ], [ 86.380617286463007, 25.823436914953991, 0.0 ], [ 86.380404900379659, 25.823029670858809, 0.0 ], [ 86.380188655755461, 25.822405695558171, 0.0 ], [ 86.380206230151799, 25.821904618843547, 0.0 ], [ 86.380347218810329, 25.821652387252851, 0.0 ], [ 86.380802752797862, 25.82134731770163, 0.0 ], [ 86.381831516174486, 25.821125952526859, 0.0 ], [ 86.383075825068104, 25.82070232608709, 0.0 ], [ 86.383861648982048, 25.820190963607875, 0.0 ], [ 86.384483997132733, 25.81945767558943, 0.0 ], [ 86.384587215763304, 25.818789909932146, 0.0 ], [ 86.3845712300907, 25.818022313206022, 0.0 ], [ 86.384358466235668, 25.817687310433406, 0.0 ], [ 86.383931190538604, 25.817355914125027, 0.0 ], [ 86.382440485853905, 25.817205112131493, 0.0 ], [ 86.379721106559174, 25.817356067853847, 0.0 ], [ 86.377611148204366, 25.817342533943954, 0.0 ], [ 86.377113256424224, 25.817164320152099, 0.0 ], [ 86.377355558985585, 25.815661904134863, 0.0 ], [ 86.377467846381165, 25.815174778010217, 0.0 ], [ 86.378053545347541, 25.814775460963322, 0.0 ], [ 86.378451182080113, 25.81409090065597, 0.0 ], [ 86.378678773988071, 25.813491394567798, 0.0 ], [ 86.379374972710849, 25.812943552824553, 0.0 ], [ 86.379945362712022, 25.812607370521341, 0.0 ], [ 86.380286703613038, 25.812193456956528, 0.0 ], [ 86.380779886339141, 25.81135579076614, 0.0 ], [ 86.381465758691562, 25.810871102681698, 0.0 ], [ 86.382174504611584, 25.810783819173526, 0.0 ], [ 86.383804579279456, 25.810975847659996, 0.0 ], [ 86.384817047836549, 25.81099368057188, 0.0 ], [ 86.38589899741757, 25.811079523035151, 0.0 ], [ 86.386298679038788, 25.810954793977832, 0.0 ], [ 86.386809093009219, 25.810636390199846, 0.0 ], [ 86.387188611529083, 25.810552207934919, 0.0 ], [ 86.387896238116127, 25.810681606179052, 0.0 ], [ 86.388449705733805, 25.810720054627577, 0.0 ], [ 86.388865205259592, 25.810428334273418, 0.0 ], [ 86.388976365294525, 25.809178176688278, 0.0 ], [ 86.389047908134444, 25.808844376036348, 0.0 ], [ 86.389308082835612, 25.808687447974012, 0.0 ], [ 86.389632289286837, 25.808688809415582, 0.0 ], [ 86.389850271342127, 25.808978677426342, 0.0 ], [ 86.390188674257359, 25.810104304324682, 0.0 ], [ 86.39040201666009, 25.811301645076366, 0.0 ], [ 86.391126279124109, 25.812081240949784, 0.0 ], [ 86.391777276776537, 25.812558029444624, 0.0 ], [ 86.392138672511365, 25.812604689806516, 0.0 ], [ 86.392673020557339, 25.811992898543274, 0.0 ], [ 86.393114005144483, 25.811592914368152, 0.0 ], [ 86.393620703067754, 25.811511503464498, 0.0 ], [ 86.394125815802965, 25.811741611491662, 0.0 ], [ 86.394598502870267, 25.812129671562829, 0.0 ], [ 86.395815688649975, 25.811951815056251, 0.0 ], [ 86.397078936648356, 25.811699711221276, 0.0 ], [ 86.399066816578951, 25.811175184533159, 0.0 ], [ 86.400145066164214, 25.811008071956607, 0.0 ], [ 86.40103347851705, 25.810898861936671, 0.0 ], [ 86.401527007103596, 25.810955073564749, 0.0 ], [ 86.401866773200922, 25.810839084386718, 0.0 ], [ 86.402077783074958, 25.81053745488823, 0.0 ], [ 86.402250814685033, 25.809851902444755, 0.0 ], [ 86.402295452077709, 25.80890847295872, 0.0 ], [ 86.402136859078581, 25.807711372785118, 0.0 ], [ 86.402284308774611, 25.806158854685531, 0.0 ], [ 86.40242219194181, 25.805518306136499, 0.0 ], [ 86.402653774995258, 25.805090342158582, 0.0 ], [ 86.402545949171824, 25.804710647422915, 0.0 ], [ 86.402069628892036, 25.804212051282295, 0.0 ], [ 86.401766813001444, 25.803926367198457, 0.0 ], [ 86.401259053622255, 25.803730136360702, 0.0 ], [ 86.399983595553024, 25.803453984659846, 0.0 ], [ 86.399600463049978, 25.803271807152679, 0.0 ], [ 86.399754229704087, 25.802450730605194, 0.0 ], [ 86.400387588861093, 25.801473610955917, 0.0 ], [ 86.40083061911804, 25.800653725148525, 0.0 ], [ 86.401191508902684, 25.800298534571183, 0.0 ], [ 86.401571348389979, 25.800142076552877, 0.0 ], [ 86.401994646221866, 25.800270235471459, 0.0 ], [ 86.403313130711766, 25.800912252565308, 0.0 ], [ 86.404907069419068, 25.8013296400594, 0.0 ], [ 86.406078320217063, 25.801496965193689, 0.0 ], [ 86.406541954876118, 25.801539491960611, 0.0 ], [ 86.406755013879732, 25.801321389391077, 0.0 ], [ 86.406550450080914, 25.800835201803768, 0.0 ], [ 86.40607912442978, 25.800158631441775, 0.0 ], [ 86.405670427013206, 25.799278480717106, 0.0 ], [ 86.405577963122909, 25.798817583482045, 0.0 ], [ 86.40609820365556, 25.798508180115665, 0.0 ], [ 86.40703778366823, 25.798119217798526, 0.0 ], [ 86.407905591718105, 25.79761934135141, 0.0 ], [ 86.407904418206755, 25.796851802384897, 0.0 ], [ 86.406887266272136, 25.796294582273632, 0.0 ], [ 86.406244468927937, 25.796179086587308, 0.0 ], [ 86.405646671714521, 25.796041197892688, 0.0 ], [ 86.405198853686798, 25.79583168124476, 0.0 ], [ 86.405135822414167, 25.795470230530839, 0.0 ], [ 86.405477117014811, 25.795038195949669, 0.0 ], [ 86.406061589471804, 25.794846442959862, 0.0 ], [ 86.406721385582529, 25.794551151542933, 0.0 ], [ 86.40739647688936, 25.794188196201443, 0.0 ], [ 86.408372542768433, 25.793474299233782, 0.0 ], [ 86.409058694281427, 25.792890151218785, 0.0 ], [ 86.409428502846538, 25.792738146284123, 0.0 ], [ 86.409877166617804, 25.792776086072944, 0.0 ], [ 86.411519154745378, 25.793545758782209, 0.0 ], [ 86.412349163473166, 25.794127022809043, 0.0 ], [ 86.412951613562029, 25.794332626682301, 0.0 ], [ 86.413285755524825, 25.794333975343672, 0.0 ], [ 86.413571359551213, 25.794064232784812, 0.0 ], [ 86.413647433273979, 25.793807189478972, 0.0 ], [ 86.413588919537787, 25.79353605894471, 0.0 ], [ 86.413385823201168, 25.793255315148023, 0.0 ], [ 86.412710172263729, 25.792724344276138, 0.0 ], [ 86.412020433730632, 25.792017231668169, 0.0 ], [ 86.411743228539493, 25.791596224027888, 0.0 ], [ 86.411651057615089, 25.791072121348499, 0.0 ], [ 86.411588565689286, 25.790597803017359, 0.0 ], [ 86.411703115156712, 25.789618529878599, 0.0 ], [ 86.41163959908873, 25.789351893752603, 0.0 ], [ 86.411272077410715, 25.78904339255023, 0.0 ], [ 86.410749649273015, 25.78879747158728, 0.0 ], [ 86.409429667705723, 25.788476075177272, 0.0 ], [ 86.408418122656443, 25.788309428171381, 0.0 ], [ 86.407980392038652, 25.788081901970802, 0.0 ], [ 86.407767277425464, 25.787814654663713, 0.0 ], [ 86.408000984404865, 25.787449897956272, 0.0 ], [ 86.408827169302256, 25.78728169114979, 0.0 ], [ 86.409934374259805, 25.787263611479325, 0.0 ], [ 86.410239624575226, 25.787052648862232, 0.0 ], [ 86.41061157856619, 25.786462702643309, 0.0 ], [ 86.410705894754699, 25.785542041666943, 0.0 ], [ 86.410874787358324, 25.78466683264752, 0.0 ], [ 86.410922211348364, 25.784152324354608, 0.0 ], [ 86.411138492689986, 25.783778461963408, 0.0 ], [ 86.41148870197415, 25.78354961853427, 0.0 ], [ 86.412066519598753, 25.783682887060348, 0.0 ], [ 86.412820416901369, 25.784516676172899, 0.0 ], [ 86.413203089593495, 25.784784600541212, 0.0 ], [ 86.413617016468677, 25.784781754611721, 0.0 ], [ 86.413962204287088, 25.784559657047829, 0.0 ], [ 86.413925250329427, 25.783961281487755, 0.0 ], [ 86.413573853099507, 25.783418075918338, 0.0 ], [ 86.413093694343431, 25.782693752255778, 0.0 ], [ 86.412171529229894, 25.78261327569092, 0.0 ], [ 86.410608323505855, 25.783085533015527, 0.0 ], [ 86.410283828757841, 25.783156456986053, 0.0 ], [ 86.409915279548386, 25.783060148967873, 0.0 ], [ 86.409287577266937, 25.782931184257048, 0.0 ], [ 86.407966050798606, 25.782934842386698, 0.0 ], [ 86.406364661144082, 25.783059249770286, 0.0 ], [ 86.406030528423727, 25.783062400350371, 0.0 ], [ 86.405751901183777, 25.782934845663487, 0.0 ], [ 86.405439853702177, 25.782509168108593, 0.0 ], [ 86.405406815770121, 25.782134295971186, 0.0 ], [ 86.40563816043975, 25.781742443757583, 0.0 ], [ 86.40691703669178, 25.780275058624724, 0.0 ], [ 86.407048012346394, 25.78001898370032, 0.0 ], [ 86.406944820475061, 25.779711548760815, 0.0 ], [ 86.406526711128265, 25.779556336317626, 0.0 ], [ 86.405356057354339, 25.779312266234999, 0.0 ], [ 86.404813602568069, 25.779093332354492, 0.0 ], [ 86.404520770413157, 25.77881672498042, 0.0 ], [ 86.404393261715768, 25.77838728629175, 0.0 ], [ 86.404626766626251, 25.777562011937889, 0.0 ], [ 86.405029581773732, 25.776782578758489, 0.0 ], [ 86.405550536566025, 25.776310641633966, 0.0 ], [ 86.405582659652396, 25.775868310746578, 0.0 ], [ 86.405256053609705, 25.775365820835965, 0.0 ], [ 86.404631034520889, 25.774708601454591, 0.0 ], [ 86.404158929563323, 25.774386110426942, 0.0 ], [ 86.403578369521284, 25.773814852338123, 0.0 ], [ 86.403420409028556, 25.773493645632229, 0.0 ], [ 86.403483021201765, 25.772938567692879, 0.0 ], [ 86.404188141483729, 25.772530598195068, 0.0 ], [ 86.405047539323931, 25.772181950208481, 0.0 ], [ 86.406365104715221, 25.771948039827667, 0.0 ], [ 86.406689481805699, 25.771895184163828, 0.0 ], [ 86.408257242558264, 25.772488506838449, 0.0 ], [ 86.40934863612533, 25.772614842944368, 0.0 ], [ 86.410286572546596, 25.772514803288452, 0.0 ], [ 86.410530866852099, 25.771513480881197, 0.0 ], [ 86.410541585204896, 25.770353188628125, 0.0 ], [ 86.410385596278658, 25.769630169420669, 0.0 ], [ 86.410030096577955, 25.768919884948758, 0.0 ], [ 86.409490472475412, 25.768136615342588, 0.0 ], [ 86.408850127350405, 25.767556105309449, 0.0 ], [ 86.408303807982918, 25.767120452846846, 0.0 ], [ 86.407857145612994, 25.766698748636834, 0.0 ], [ 86.407609770716306, 25.766309458215844, 0.0 ], [ 86.407472291504462, 25.765879980787968, 0.0 ], [ 86.407538409482854, 25.765618384619415, 0.0 ], [ 86.408107327945658, 25.765516855088514, 0.0 ], [ 86.409332385635736, 25.765824331885643, 0.0 ], [ 86.409840646685865, 25.765889602715248, 0.0 ], [ 86.410299761243323, 25.765810194499714, 0.0 ], [ 86.410680548277227, 25.765436997359611, 0.0 ], [ 86.411066430408098, 25.765041246174352, 0.0 ], [ 86.411590914753532, 25.764849225099084, 0.0 ], [ 86.411971093968404, 25.764597925124175, 0.0 ], [ 86.412179602094454, 25.764275950854739, 0.0 ], [ 86.411759835708978, 25.763960466674366, 0.0 ], [ 86.411047627114357, 25.763799565251642, 0.0 ], [ 86.410742798451352, 25.763432622536769, 0.0 ], [ 86.410996168527944, 25.763113087661665, 0.0 ], [ 86.41179923121399, 25.76304861095392, 0.0 ], [ 86.413025783891356, 25.763049047209716, 0.0 ], [ 86.413567841092288, 25.762830000504227, 0.0 ], [ 86.41347270099493, 25.762405213169835, 0.0 ], [ 86.412537393762832, 25.760974723689522, 0.0 ], [ 86.412454967965232, 25.760500323275274, 0.0 ], [ 86.412651878844272, 25.759999960373438, 0.0 ], [ 86.41295550971374, 25.759089169277804, 0.0 ], [ 86.412982769635946, 25.758615210953586, 0.0 ], [ 86.412830056035716, 25.758239856484092, 0.0 ], [ 86.412492872941939, 25.757863756595725, 0.0 ], [ 86.412217008124941, 25.757185403173079, 0.0 ], [ 86.412076403903399, 25.756376662582007, 0.0 ], [ 86.411773834786658, 25.755048049545717, 0.0 ], [ 86.411468090612971, 25.754365059667762, 0.0 ], [ 86.411148417367784, 25.753474324651989, 0.0 ], [ 86.411345321605054, 25.75297396291106, 0.0 ], [ 86.411701425146319, 25.75254196848288, 0.0 ], [ 86.412307599273248, 25.751948444655916, 0.0 ], [ 86.412764492104898, 25.751295622273265, 0.0 ], [ 86.4129503946439, 25.751002901121847, 0.0 ], [ 86.413039603271869, 25.75060368892597, 0.0 ], [ 86.413067475067407, 25.749940822974366, 0.0 ], [ 86.412694762676381, 25.748686520692175, 0.0 ], [ 86.411797840511142, 25.748980073165413, 0.0 ], [ 86.410168270597339, 25.749513107922873, 0.0 ], [ 86.409094411722123, 25.74986538906888, 0.0 ], [ 86.408781422293174, 25.749664962448744, 0.0 ], [ 86.408623322568218, 25.749405165349227, 0.0 ], [ 86.40817955662385, 25.748592841563909, 0.0 ], [ 86.407636108189365, 25.747636083825128, 0.0 ], [ 86.407307011547218, 25.746945675543905, 0.0 ], [ 86.407027772830958, 25.746435705354884, 0.0 ], [ 86.406873191746115, 25.746101783129056, 0.0 ], [ 86.406653854928322, 25.745636934860684, 0.0 ], [ 86.405915933121548, 25.744364326509228, 0.0 ], [ 86.405731502104331, 25.743949193494419, 0.0 ], [ 86.405462162878237, 25.743376051069092, 0.0 ], [ 86.405053365826362, 25.742617858852618, 0.0 ], [ 86.404918806755504, 25.742369710310236, 0.0 ], [ 86.404729275674626, 25.741868725596547, 0.0 ], [ 86.404798718225663, 25.740717835817602, 0.0 ], [ 86.404873387273497, 25.740058869305969, 0.0 ], [ 86.40494791462406, 25.739187790250138, 0.0 ], [ 86.405007583711836, 25.738817628378193, 0.0 ], [ 86.405321427895998, 25.738479115711719, 0.0 ], [ 86.405545590342683, 25.738230805868344, 0.0 ], [ 86.404837628454302, 25.736809229833643, 0.0 ], [ 86.404698030163743, 25.736493336302775, 0.0 ], [ 86.404299211278385, 25.735699062495843, 0.0 ], [ 86.404064831166608, 25.735157575125839, 0.0 ], [ 86.404034886539392, 25.734764923852364, 0.0 ], [ 86.404094484088546, 25.734029231668771, 0.0 ], [ 86.404268620650001, 25.732995660620279, 0.0 ], [ 86.404544992751624, 25.732291511542801, 0.0 ], [ 86.404966783831512, 25.732089190158867, 0.0 ], [ 86.405230081709988, 25.731952844833781, 0.0 ], [ 86.405713397901266, 25.731772232429655, 0.0 ], [ 86.406380996198834, 25.731320750786718, 0.0 ], [ 86.407681161387629, 25.730201188042876, 0.0 ], [ 86.408458418212788, 25.729686481974472, 0.0 ], [ 86.409235652250018, 25.729659204730634, 0.0 ], [ 86.409614348490038, 25.729686203213049, 0.0 ], [ 86.409918339599912, 25.729821529259738, 0.0 ], [ 86.410695719587409, 25.72974457981773, 0.0 ], [ 86.411248790498377, 25.729667714083686, 0.0 ], [ 86.412594015468528, 25.729346983235793, 0.0 ], [ 86.4141135715969, 25.728827561607392, 0.0 ], [ 86.415214632670555, 25.728263100908666, 0.0 ], [ 86.41598664739621, 25.727608368505113, 0.0 ], [ 86.416121084460855, 25.727148020505968, 0.0 ], [ 86.415936501632643, 25.726629054352447, 0.0 ], [ 86.415432941940395, 25.725758087747984, 0.0 ], [ 86.41485968477717, 25.724891715432015, 0.0 ], [ 86.414630306216822, 25.724341142956515, 0.0 ], [ 86.414191425709006, 25.723131719983073, 0.0 ], [ 86.413922132150518, 25.722265210856889, 0.0 ], [ 86.413687802057765, 25.721913184676318, 0.0 ], [ 86.412980001371992, 25.721087439599859, 0.0 ], [ 86.41254153214112, 25.720753552792516, 0.0 ], [ 86.411975967206601, 25.720582232739353, 0.0 ], [ 86.411624612191815, 25.720555259889473, 0.0 ], [ 86.410832452321898, 25.720568945132602, 0.0 ], [ 86.409821029516792, 25.720614337307456, 0.0 ], [ 86.408949131853063, 25.720646110905815, 0.0 ], [ 86.408256604039408, 25.720831393209004, 0.0 ], [ 86.40754911192397, 25.720998551894208, 0.0 ], [ 86.405974853169397, 25.721608164301983, 0.0 ], [ 86.40491373715561, 25.722082239343752, 0.0 ], [ 86.404390332655211, 25.722357350034969, 0.0 ], [ 86.404071780110186, 25.72252478548943, 0.0 ], [ 86.403214864092959, 25.722967265010947, 0.0 ], [ 86.402288291297566, 25.723563143112365, 0.0 ], [ 86.401615741609731, 25.723973952179552, 0.0 ], [ 86.400915742700988, 25.724202016252388, 0.0 ], [ 86.400165777525757, 25.724096126129048, 0.0 ], [ 86.399871813357208, 25.723974275580929, 0.0 ], [ 86.399567799355637, 25.723789265033403, 0.0 ], [ 86.398775504458769, 25.723270392028038, 0.0 ], [ 86.397280567610522, 25.722367999834127, 0.0 ], [ 86.396269022171737, 25.721822019389737, 0.0 ], [ 86.395192661539653, 25.721163250018297, 0.0 ], [ 86.394121355983614, 25.720630822405028, 0.0 ], [ 86.393344030424586, 25.720215645425828, 0.0 ], [ 86.392247841539927, 25.719561378298923, 0.0 ], [ 86.391457870257128, 25.720262864659553, 0.0 ], [ 86.391225848486272, 25.721272791849234, 0.0 ], [ 86.39083999755951, 25.722813122481494, 0.0 ], [ 86.390418350822642, 25.723942171569718, 0.0 ], [ 86.389311600386904, 25.724923059187329, 0.0 ], [ 86.388514712926039, 25.725485168780132, 0.0 ], [ 86.387266426183302, 25.725599842153876, 0.0 ], [ 86.386772864307517, 25.726008985955154, 0.0 ], [ 86.384686084722262, 25.727422214160402, 0.0 ], [ 86.383023281790187, 25.728322036674193, 0.0 ], [ 86.382486961317966, 25.728612258329832, 0.0 ], [ 86.379457851945048, 25.729438895959966, 0.0 ], [ 86.378033839104688, 25.729634460969802, 0.0 ], [ 86.376729402904701, 25.729628887277102, 0.0 ], [ 86.37603168177462, 25.729300374356786, 0.0 ], [ 86.374523063988065, 25.728574316484675, 0.0 ], [ 86.373786665917848, 25.72839985694155, 0.0 ], [ 86.373255794153735, 25.728688787143891, 0.0 ], [ 86.372760734193207, 25.729372023426031, 0.0 ], [ 86.371489851326288, 25.730171829085162, 0.0 ], [ 86.370240149265925, 25.730543339168158, 0.0 ], [ 86.369596272709742, 25.73076332139755, 0.0 ], [ 86.369537380341043, 25.731174195267776, 0.0 ], [ 86.369611595457684, 25.731440084263106, 0.0 ], [ 86.369685809868699, 25.731705973217441, 0.0 ], [ 86.370135621209329, 25.732444664232936, 0.0 ], [ 86.370642704121821, 25.733080842057781, 0.0 ], [ 86.370751915135884, 25.733886505551954, 0.0 ], [ 86.370462487404893, 25.73564905513842, 0.0 ], [ 86.370172365478368, 25.736898525657434, 0.0 ], [ 86.369292685671581, 25.738796494990257, 0.0 ], [ 86.368868243638317, 25.740405219145096, 0.0 ], [ 86.368561223038967, 25.741243392097598, 0.0 ], [ 86.367765770437501, 25.74151408758728, 0.0 ], [ 86.367274699578502, 25.741409105341805, 0.0 ], [ 86.366313962695003, 25.74075387781081, 0.0 ], [ 86.365540172249084, 25.740493520124986, 0.0 ], [ 86.363441208212251, 25.739477174625922, 0.0 ], [ 86.361441496386831, 25.73866314165199, 0.0 ], [ 86.359663570299119, 25.738792409392502, 0.0 ], [ 86.358373841441065, 25.739557791565069, 0.0 ], [ 86.35761597232991, 25.739845663147154, 0.0 ], [ 86.356431769205827, 25.739627287040317, 0.0 ], [ 86.355547562769914, 25.739464226202589, 0.0 ], [ 86.35427237854519, 25.739286782871922, 0.0 ], [ 86.35363935415063, 25.73919869271932, 0.0 ], [ 86.352319413833143, 25.738558935919777, 0.0 ], [ 86.350889197761134, 25.737336071753152, 0.0 ], [ 86.350156510476822, 25.736476145980369, 0.0 ], [ 86.34983518783055, 25.73645764578043, 0.0 ], [ 86.348939795881947, 25.737704367039793, 0.0 ], [ 86.348056438454776, 25.738350201867341, 0.0 ], [ 86.347722671482146, 25.738454173741939, 0.0 ], [ 86.34529136629294, 25.739211525602435, 0.0 ], [ 86.343250236455404, 25.739082421258033, 0.0 ], [ 86.342194194371174, 25.738580835633854, 0.0 ], [ 86.340129166202956, 25.737528191683559, 0.0 ], [ 86.339601020628365, 25.737320189003484, 0.0 ], [ 86.338504475570318, 25.737315214164511, 0.0 ], [ 86.336860843783526, 25.737084975564137, 0.0 ], [ 86.33491656129037, 25.736544978423652, 0.0 ], [ 86.333914454623269, 25.735996088868255, 0.0 ], [ 86.333370997881062, 25.735698412984895, 0.0 ], [ 86.332354155270977, 25.73497417125937, 0.0 ], [ 86.331956216567832, 25.735126575864644, 0.0 ], [ 86.330681847999799, 25.735995740877129, 0.0 ], [ 86.328080038171692, 25.737753216087793, 0.0 ], [ 86.32749055868878, 25.738367321164073, 0.0 ], [ 86.326163813067026, 25.738943702098261, 0.0 ], [ 86.325105140040009, 25.738938800638262, 0.0 ], [ 86.324351170685148, 25.738524089259087, 0.0 ], [ 86.323448299518034, 25.737714621506544, 0.0 ], [ 86.323133977615839, 25.737600186251449, 0.0 ], [ 86.322542621049877, 25.737384888351691, 0.0 ], [ 86.321839078578463, 25.7381011984453, 0.0 ], [ 86.321701236465785, 25.739060062344493, 0.0 ], [ 86.321715219471685, 25.73993393956636, 0.0 ], [ 86.32199272954783, 25.740997495945376, 0.0 ], [ 86.32268541241055, 25.742217121903078, 0.0 ], [ 86.322680555767533, 25.743073754797045, 0.0 ], [ 86.322205256471662, 25.743534139739086, 0.0 ], [ 86.321390163147356, 25.743907247086657, 0.0 ], [ 86.32031211151083, 25.74395368935836, 0.0 ], [ 86.31974579503985, 25.743796817220645, 0.0 ], [ 86.319162296115863, 25.743348651499556, 0.0 ], [ 86.318619322612804, 25.742403764064548, 0.0 ], [ 86.317965642198573, 25.740995760826991, 0.0 ], [ 86.317550681414858, 25.740822522487182, 0.0 ], [ 86.316850124181329, 25.740990533676253, 0.0 ], [ 86.315731498904157, 25.742189674323626, 0.0 ], [ 86.315291705902922, 25.743043811454349, 0.0 ], [ 86.315247476548222, 25.743552561708736, 0.0 ], [ 86.315190516590178, 25.744207725080098, 0.0 ], [ 86.315198367109261, 25.74614275230569, 0.0 ], [ 86.315243627652066, 25.747343834500043, 0.0 ], [ 86.315041117312504, 25.748162424304759, 0.0 ], [ 86.314356612180589, 25.749260383138335, 0.0 ], [ 86.313816859970657, 25.749770099403687, 0.0 ], [ 86.313525201611725, 25.750001501529283, 0.0 ], [ 86.313008548371556, 25.750489641760602, 0.0 ], [ 86.312926905135583, 25.750750707802123, 0.0 ], [ 86.312699591594622, 25.751258012644659, 0.0 ], [ 86.312552791484052, 25.751700333650888, 0.0 ], [ 86.312398185076887, 25.752106305423411, 0.0 ], [ 86.312186454946541, 25.752689939638209, 0.0 ], [ 86.312016488111411, 25.752979637984222, 0.0 ], [ 86.311686197438831, 25.753275839939835, 0.0 ], [ 86.311308323866967, 25.753484666922972, 0.0 ], [ 86.310554218581899, 25.753768510626585, 0.0 ], [ 86.310282684416535, 25.754316029210575, 0.0 ], [ 86.309960882455712, 25.755203679696184, 0.0 ], [ 86.309918838967732, 25.75554481956507, 0.0 ], [ 86.309975734854191, 25.756100672022157, 0.0 ], [ 86.310996551273604, 25.757405059209333, 0.0 ], [ 86.311394711628239, 25.757849957303836, 0.0 ], [ 86.311185983647633, 25.758434132310185, 0.0 ], [ 86.310495830328946, 25.759262023000751, 0.0 ], [ 86.309355342466162, 25.759958770402495, 0.0 ], [ 86.308544313806365, 25.760658465915483, 0.0 ], [ 86.307566658029927, 25.760832392815097, 0.0 ], [ 86.306686940924592, 25.760727594200997, 0.0 ], [ 86.305741353743983, 25.76070130027891, 0.0 ], [ 86.305246158828936, 25.760679625614536, 0.0 ], [ 86.304868963604605, 25.760421821052653, 0.0 ], [ 86.304546534485738, 25.760049892612258, 0.0 ], [ 86.304135016956536, 25.759837313991056, 0.0 ], [ 86.303812679063242, 25.759908397501288, 0.0 ], [ 86.303579626219687, 25.760244989814225, 0.0 ], [ 86.303573563432266, 25.760597192854998, 0.0 ], [ 86.303571360052274, 25.7609748328303, 0.0 ], [ 86.303485542287177, 25.761935878229522, 0.0 ], [ 86.303395453848253, 25.762265891877274, 0.0 ], [ 86.303177511182142, 25.762529930092395, 0.0 ], [ 86.302968028060164, 25.762717751907346, 0.0 ], [ 86.30268666759568, 25.762861654769974, 0.0 ], [ 86.302196648499915, 25.76305176298111, 0.0 ], [ 86.300876155572979, 25.76333865468942, 0.0 ], [ 86.300210256173742, 25.763451654537171, 0.0 ], [ 86.299672674818865, 25.763550744204569, 0.0 ], [ 86.299247469746263, 25.7636213227795, 0.0 ], [ 86.298571613772168, 25.763639196993193, 0.0 ], [ 86.298361755209342, 25.763434835073358, 0.0 ], [ 86.298227213881546, 25.76314368612389, 0.0 ], [ 86.298100858329747, 25.762823526519057, 0.0 ], [ 86.297926159070471, 25.762546708877288, 0.0 ], [ 86.29762732016215, 25.762254767131246, 0.0 ], [ 86.297175778120732, 25.762034712800428, 0.0 ], [ 86.296630785943094, 25.762032079758477, 0.0 ], [ 86.295468871018954, 25.762103684806917, 0.0 ], [ 86.294701582108104, 25.762248309513197, 0.0 ], [ 86.293963165427641, 25.762426292966108, 0.0 ], [ 86.292784930793744, 25.762732330743383, 0.0 ], [ 86.29242345467722, 25.762868561704369, 0.0 ], [ 86.292285741676039, 25.763114817336739, 0.0 ], [ 86.292235501089948, 25.763477698499351, 0.0 ], [ 86.292319528289539, 25.764175307226871, 0.0 ], [ 86.292825162834504, 25.765263701957192, 0.0 ], [ 86.292831629084574, 25.765525183455804, 0.0 ], [ 86.292781344707578, 25.765895325741187, 0.0 ], [ 86.292614586904392, 25.766308478788797, 0.0 ], [ 86.292437854993111, 25.766559401147667, 0.0 ], [ 86.292120544846298, 25.766685612810903, 0.0 ], [ 86.291740548603883, 25.766563933409188, 0.0 ], [ 86.291281072924548, 25.766329296448298, 0.0 ], [ 86.290873652624882, 25.766102175328417, 0.0 ], [ 86.289823408536989, 25.765393987919502, 0.0 ], [ 86.289472919027375, 25.765029152660791, 0.0 ], [ 86.289210766363212, 25.764635698419792, 0.0 ], [ 86.288780999678394, 25.764125224017839, 0.0 ], [ 86.287923259826854, 25.763154783278331, 0.0 ], [ 86.287540311738084, 25.762858777699062, 0.0 ], [ 86.287212405630711, 25.762740972658523, 0.0 ], [ 86.286780354511109, 25.762615393913361, 0.0 ], [ 86.285971269803113, 25.7625460656133, 0.0 ], [ 86.284980291431182, 25.762541395194347, 0.0 ], [ 86.284659663922113, 25.762547082051505, 0.0 ], [ 86.284319152711774, 25.762527251857069, 0.0 ], [ 86.284027250703687, 25.762420510486503, 0.0 ], [ 86.2837321484201, 25.762179396546216, 0.0 ], [ 86.283333468748481, 25.761836097049773, 0.0 ], [ 86.282194912066572, 25.760896908399413, 0.0 ], [ 86.281830932398577, 25.760507847926174, 0.0 ], [ 86.281244494263717, 25.759938855165473, 0.0 ], [ 86.280735862755762, 25.759889137118719, 0.0 ], [ 86.280190313273209, 25.759980852485374, 0.0 ], [ 86.279893516225528, 25.76002296018244, 0.0 ], [ 86.278901994384412, 25.760177994496587, 0.0 ], [ 86.278578790237518, 25.760169131134905, 0.0 ], [ 86.278390475840737, 25.75994306034228, 0.0 ], [ 86.278352115735316, 25.759659633651474, 0.0 ], [ 86.278450307693191, 25.759326045042204, 0.0 ], [ 86.278544667391856, 25.758963388757515, 0.0 ], [ 86.278478315693178, 25.758670139038124, 0.0 ], [ 86.278151250469591, 25.758550990990116, 0.0 ], [ 86.277782942818902, 25.758491065008052, 0.0 ], [ 86.277372053905935, 25.758404297261226, 0.0 ], [ 86.277088050353584, 25.758099072532538, 0.0 ], [ 86.276947421147753, 25.757499218662414, 0.0 ], [ 86.276813950704707, 25.757041019147529, 0.0 ], [ 86.276742177487904, 25.756259452696614, 0.0 ], [ 86.276709605191556, 25.755904760609539, 0.0 ], [ 86.276680100397073, 25.755483389164429, 0.0 ], [ 86.276715940179699, 25.754858993018718, 0.0 ], [ 86.27671785454281, 25.754543083924425, 0.0 ], [ 86.276549222495234, 25.754236891847981, 0.0 ], [ 86.276158388873668, 25.754289747758438, 0.0 ], [ 86.275643860615091, 25.754555901294935, 0.0 ], [ 86.275217396365377, 25.754837016572552, 0.0 ], [ 86.274778451363233, 25.755074350844847, 0.0 ], [ 86.274224817831168, 25.755180529107694, 0.0 ], [ 86.273591041820708, 25.755286306433682, 0.0 ], [ 86.273222371404898, 25.755288098025787, 0.0 ], [ 86.272758372266111, 25.755151424479759, 0.0 ], [ 86.272406769448892, 25.75498263069656, 0.0 ], [ 86.271912509894122, 25.754551672693168, 0.0 ], [ 86.271294028091262, 25.753964026121231, 0.0 ], [ 86.271078891276289, 25.753759600058057, 0.0 ], [ 86.270743278804645, 25.75359814411437, 0.0 ], [ 86.270255358212808, 25.753443187263237, 0.0 ], [ 86.269799583854791, 25.753273865600679, 0.0 ], [ 86.26917516240475, 25.753161795448158, 0.0 ], [ 86.267399798763606, 25.753087795498633, 0.0 ], [ 86.267007026632598, 25.753100344173788, 0.0 ], [ 86.266653967915104, 25.753171190997232, 0.0 ], [ 86.266084441508127, 25.753255471432333, 0.0 ], [ 86.265613635585041, 25.753345122932259, 0.0 ], [ 86.264450875558808, 25.753566531363589, 0.0 ], [ 86.2639933633846, 25.753680419464445, 0.0 ], [ 86.263544088840462, 25.75375803486164, 0.0 ], [ 86.263134883086096, 25.753835852105709, 0.0 ], [ 86.262838051566604, 25.753885187071099, 0.0 ], [ 86.261471078245776, 25.754007989608795, 0.0 ], [ 86.261024255170781, 25.754206893452601, 0.0 ], [ 86.261087364692088, 25.755146251168657, 0.0 ], [ 86.261308104185275, 25.756934638849305, 0.0 ], [ 86.261349358885468, 25.758038744321194, 0.0 ], [ 86.261281110997842, 25.758706545142012, 0.0 ], [ 86.260840241769102, 25.760066435264985, 0.0 ], [ 86.260588647248909, 25.760573530612284, 0.0 ], [ 86.260256095042209, 25.761210937676534, 0.0 ], [ 86.259761401176917, 25.762193987496119, 0.0 ], [ 86.25922556171956, 25.763358231327214, 0.0 ], [ 86.25901183929389, 25.763883230174624, 0.0 ], [ 86.258362478150275, 25.765644549644612, 0.0 ], [ 86.258070289100232, 25.766231320255564, 0.0 ], [ 86.257179884303156, 25.767863520487744, 0.0 ], [ 86.256775701300015, 25.768413404108241, 0.0 ], [ 86.256613818663993, 25.768666763094416, 0.0 ], [ 86.256227930261957, 25.769271168375617, 0.0 ], [ 86.255961624416187, 25.769560305501411, 0.0 ], [ 86.255679693453274, 25.769783999840072, 0.0 ], [ 86.255350170838355, 25.769927563671654, 0.0 ], [ 86.254739666350986, 25.770142312144099, 0.0 ], [ 86.254164512485218, 25.770341836410534, 0.0 ], [ 86.253715169091194, 25.770419419955637, 0.0 ], [ 86.253250113266247, 25.770446084394543, 0.0 ], [ 86.252792980499038, 25.770487312835115, 0.0 ], [ 86.252303969957836, 25.770499326043517, 0.0 ], [ 86.251847292381427, 25.770467928836265, 0.0 ], [ 86.25127854106286, 25.770414167220245, 0.0 ], [ 86.250608270086289, 25.770436885250142, 0.0 ], [ 86.250102806080193, 25.770484678533666, 0.0 ], [ 86.250000161397807, 25.770840010569056, 0.0 ], [ 86.246958196758484, 25.772835847763783, 0.0 ], [ 86.245559939526089, 25.77339840350362, 0.0 ], [ 86.244166233816557, 25.773959109953001, 0.0 ], [ 86.240461755456451, 25.774370354616423, 0.0 ], [ 86.238658307631908, 25.774914447881436, 0.0 ], [ 86.237604239627984, 25.775093404755047, 0.0 ], [ 86.236449631718074, 25.775087351170836, 0.0 ], [ 86.234514374640895, 25.774984900840018, 0.0 ], [ 86.233291756586496, 25.774978464072767, 0.0 ], [ 86.23220347781691, 25.775218783422748, 0.0 ], [ 86.229885725209286, 25.776498043322153, 0.0 ], [ 86.22941756908142, 25.776687805475085, 0.0 ], [ 86.228781467732546, 25.776576758090627, 0.0 ], [ 86.228622348542729, 25.77623770890996, 0.0 ], [ 86.228743114950817, 25.77585065981981, 0.0 ], [ 86.228165802588379, 25.775943089502206, 0.0 ], [ 86.227230783932299, 25.776091901878537, 0.0 ], [ 86.22583612928868, 25.776438088293197, 0.0 ], [ 86.224949066376993, 25.777048464281659, 0.0 ], [ 86.224723875946907, 25.777739114136438, 0.0 ], [ 86.224274389098895, 25.778966733159269, 0.0 ], [ 86.2236059952358, 25.779901073965405, 0.0 ], [ 86.222425970160515, 25.781170927964641, 0.0 ], [ 86.217335549771335, 25.785710174512143, 0.0 ], [ 86.216700869891397, 25.786675454199941, 0.0 ], [ 86.21669743577587, 25.787198158682923, 0.0 ], [ 86.216950136513134, 25.787507067694655, 0.0 ], [ 86.217238263382384, 25.787585459719221, 0.0 ], [ 86.217708938664657, 25.787597132938664, 0.0 ], [ 86.218284295023636, 25.787345118849412, 0.0 ], [ 86.218717541630511, 25.787316655436381, 0.0 ], [ 86.219158560599354, 25.787411305696242, 0.0 ], [ 86.219596461135808, 25.787967170702814, 0.0 ], [ 86.219964736076491, 25.788784066838414, 0.0 ], [ 86.220454817504134, 25.789155643911656, 0.0 ], [ 86.220963161966125, 25.78932749203814, 0.0 ], [ 86.221438100287486, 25.789422317415902, 0.0 ], [ 86.22225223987887, 25.789580446825966, 0.0 ], [ 86.223167209835339, 25.789908143945144, 0.0 ], [ 86.225657721796964, 25.790843978186409, 0.0 ], [ 86.226210497549474, 25.791057129127022, 0.0 ], [ 86.227115034801443, 25.791535992775483, 0.0 ], [ 86.227969728659403, 25.791904109024113, 0.0 ], [ 86.228182665653662, 25.792367871092821, 0.0 ], [ 86.227771000862575, 25.792988367911168, 0.0 ], [ 86.2275898524816, 25.793429450743186, 0.0 ], [ 86.227953529562114, 25.793650484840317, 0.0 ], [ 86.228530823429736, 25.793684248671092, 0.0 ], [ 86.229404049487329, 25.793904143658015, 0.0 ], [ 86.230360372299955, 25.794401140242528, 0.0 ], [ 86.230746155984633, 25.7945440431617, 0.0 ], [ 86.231079034769763, 25.794739939788538, 0.0 ], [ 86.231510956208041, 25.795044715261724, 0.0 ], [ 86.232190400829865, 25.795635228361714, 0.0 ], [ 86.232719114396829, 25.796043357068527, 0.0 ], [ 86.233075888876101, 25.79602988883471, 0.0 ], [ 86.23340772478582, 25.795924005991647, 0.0 ], [ 86.23372339384872, 25.795695052856523, 0.0 ], [ 86.234253188996675, 25.795190469213441, 0.0 ], [ 86.234680550863345, 25.794762187230411, 0.0 ], [ 86.235165874420574, 25.794557239941025, 0.0 ], [ 86.235640846314212, 25.79464425362233, 0.0 ], [ 86.236215979342603, 25.795016316244389, 0.0 ], [ 86.236420763339424, 25.795326870719592, 0.0 ], [ 86.236628011130833, 25.795641161227238, 0.0 ], [ 86.236710726732966, 25.795995194977934, 0.0 ], [ 86.236502766801081, 25.79663222589901, 0.0 ], [ 86.236186164495905, 25.797007188562898, 0.0 ], [ 86.235624450692853, 25.797853833980163, 0.0 ], [ 86.235445315509864, 25.799298170817963, 0.0 ], [ 86.235101342861952, 25.799972860165891, 0.0 ], [ 86.234212272379793, 25.800890645729638, 0.0 ], [ 86.233654907319249, 25.801617181085245, 0.0 ], [ 86.233609031328825, 25.804885052800987, 0.0 ], [ 86.234723691966195, 25.805874969607462, 0.0 ], [ 86.234736008323495, 25.806613023636636, 0.0 ], [ 86.233394755847783, 25.806513675015953, 0.0 ], [ 86.231695609168554, 25.806596988143287, 0.0 ], [ 86.231267583148195, 25.806644829625963, 0.0 ], [ 86.22880603995516, 25.806919938189477, 0.0 ], [ 86.226121346317157, 25.807059446974076, 0.0 ], [ 86.224864484844687, 25.807052751493593, 0.0 ], [ 86.22408013315038, 25.807509798610429, 0.0 ], [ 86.223664834453388, 25.808676099569304, 0.0 ], [ 86.223036404221943, 25.811286534609728, 0.0 ], [ 86.224733886216612, 25.815377778464217, 0.0 ], [ 86.22506895891182, 25.816086851526936, 0.0 ], [ 86.225401134353035, 25.817257138989319, 0.0 ], [ 86.225851132056889, 25.818581737132529, 0.0 ], [ 86.226458068721556, 25.819292255396917, 0.0 ], [ 86.227846295757672, 25.819522577423374, 0.0 ], [ 86.229649259115646, 25.819952019796812, 0.0 ], [ 86.230220790915595, 25.820619083320373, 0.0 ], [ 86.231076898960822, 25.822207311881261, 0.0 ], [ 86.231182312509716, 25.824298848167246, 0.0 ], [ 86.231057234289167, 25.825251438728593, 0.0 ], [ 86.231210342042132, 25.82916530198327, 0.0 ], [ 86.231333516222321, 25.831133947156804, 0.0 ], [ 86.23111358956109, 25.833623587920499, 0.0 ], [ 86.230354254009853, 25.835433786358696, 0.0 ], [ 86.229184518869971, 25.837672331628784, 0.0 ], [ 86.228836307389187, 25.838962070739239, 0.0 ], [ 86.22862289034353, 25.840436907878367, 0.0 ], [ 86.228850596144156, 25.842006368668901, 0.0 ], [ 86.229173946733269, 25.842525484345089, 0.0 ], [ 86.2293887192656, 25.842870282288633, 0.0 ], [ 86.229999680306491, 25.84296571446616, 0.0 ], [ 86.230679686363089, 25.842907826813267, 0.0 ], [ 86.23132377997679, 25.843157291990234, 0.0 ], [ 86.231865998759673, 25.843390729600067, 0.0 ], [ 86.232751744720957, 25.843041768854736, 0.0 ], [ 86.233635800995884, 25.842954244825126, 0.0 ], [ 86.234515009313128, 25.843635375271258, 0.0 ], [ 86.235330525772966, 25.843639671390122, 0.0 ], [ 86.238659658291795, 25.843810933486715, 0.0 ], [ 86.239211310420032, 25.843898431452356, 0.0 ], [ 86.240191552156915, 25.844718390263953, 0.0 ], [ 86.240814490753451, 25.845613406517838, 0.0 ], [ 86.241265642165715, 25.846799719605759, 0.0 ], [ 86.241664735448524, 25.848170143528115, 0.0 ], [ 86.241889971548872, 25.848849547563812, 0.0 ], [ 86.242231518877659, 25.849879778205768, 0.0 ], [ 86.24264808547855, 25.851173448978784, 0.0 ], [ 86.242838429066978, 25.851966242988109, 0.0 ], [ 86.242742004423803, 25.852306517273188, 0.0 ], [ 86.242560530498849, 25.852918043660075, 0.0 ], [ 86.242115820817702, 25.853376952847771, 0.0 ], [ 86.241161671779579, 25.853771707502869, 0.0 ], [ 86.239358194121422, 25.85413130866791, 0.0 ], [ 86.238644098369292, 25.854189057396166, 0.0 ], [ 86.237691805272206, 25.854307042690159, 0.0 ], [ 86.236369229415487, 25.854376984683487, 0.0 ], [ 86.235789092529856, 25.854235549735346, 0.0 ], [ 86.234572589079363, 25.853152911528611, 0.0 ], [ 86.233187902710085, 25.851807970066435, 0.0 ], [ 86.232905612228038, 25.853420870083625, 0.0 ], [ 86.232972670225749, 25.855001184292178, 0.0 ], [ 86.233140541171593, 25.857827080174793, 0.0 ], [ 86.232914835341091, 25.858579312039183, 0.0 ], [ 86.232092562370553, 25.859605053222932, 0.0 ], [ 86.231494403970814, 25.860124607997562, 0.0 ], [ 86.230218565415598, 25.860793080584187, 0.0 ], [ 86.229651890256463, 25.861237212845648, 0.0 ], [ 86.229614171490311, 25.861821313353708, 0.0 ], [ 86.230016164005292, 25.862715201116934, 0.0 ], [ 86.231238191407854, 25.862952291817578, 0.0 ], [ 86.232187379558596, 25.863341702895834, 0.0 ], [ 86.234043935809183, 25.863962083992952, 0.0 ], [ 86.234688614555679, 25.864177501075392, 0.0 ], [ 86.235295137350718, 25.864980171478699, 0.0 ], [ 86.23570731481027, 25.866558413734442, 0.0 ], [ 86.235825892366989, 25.867012443127447, 0.0 ], [ 86.235747246049485, 25.868672558526143, 0.0 ], [ 86.235262281750408, 25.870084479505373, 0.0 ], [ 86.234305496911134, 25.870878998962816, 0.0 ], [ 86.233892836777756, 25.871614803080245, 0.0 ], [ 86.234360382760372, 25.872908762801195, 0.0 ], [ 86.234634842499844, 25.874477384434542, 0.0 ], [ 86.234756304675784, 25.874755851593964, 0.0 ], [ 86.236510359988984, 25.876856146247562, 0.0 ], [ 86.23900674649893, 25.879821278785425, 0.0 ], [ 86.239158297016488, 25.88033576169429, 0.0 ], [ 86.239405912508715, 25.881176353698592, 0.0 ], [ 86.238581067750857, 25.882586500361857, 0.0 ], [ 86.237310607167942, 25.88323441181489, 0.0 ], [ 86.236671178798332, 25.883560501032296, 0.0 ], [ 86.234289006030494, 25.88397847432098, 0.0 ], [ 86.23394576851328, 25.884436404220587, 0.0 ], [ 86.23373955410446, 25.884836536946953, 0.0 ], [ 86.233322469221875, 25.8862488045649, 0.0 ], [ 86.232768229264479, 25.887844907394378, 0.0 ], [ 86.231870503294232, 25.889992698234781, 0.0 ], [ 86.231219274273556, 25.892670645176647, 0.0 ], [ 86.230945146925308, 25.894150027672833, 0.0 ], [ 86.230736554265519, 25.895618149980386, 0.0 ], [ 86.230129751509054, 25.895843245193401, 0.0 ], [ 86.228962218098715, 25.895925351886685, 0.0 ], [ 86.228049195768662, 25.895984604432812, 0.0 ], [ 86.227534620053419, 25.89522672926168, 0.0 ], [ 86.227254726267276, 25.894716968840026, 0.0 ], [ 86.226710803922387, 25.894649688985513, 0.0 ], [ 86.224630214236115, 25.894768425718091, 0.0 ], [ 86.222684198269548, 25.89485552739146, 0.0 ], [ 86.221955764485813, 25.894914647592863, 0.0 ], [ 86.221301719317012, 25.894378036843609, 0.0 ], [ 86.220073508830652, 25.893471651335695, 0.0 ], [ 86.219389499174, 25.892894418774581, 0.0 ], [ 86.218660686151196, 25.892542860740868, 0.0 ], [ 86.218221495342803, 25.892430333895444, 0.0 ], [ 86.21755794104665, 25.892462332252705, 0.0 ], [ 86.216769564228613, 25.892485346599646, 0.0 ], [ 86.214776246482828, 25.89245502573349, 0.0 ], [ 86.214338200695991, 25.89054168872968, 0.0 ], [ 86.213977415143276, 25.888474853433259, 0.0 ], [ 86.213720083660533, 25.887969528231306, 0.0 ], [ 86.213338261538567, 25.887793743835996, 0.0 ], [ 86.21237544373453, 25.887988391076824, 0.0 ], [ 86.209487067871478, 25.888707692173973, 0.0 ], [ 86.20796556579451, 25.889119266388075, 0.0 ], [ 86.206912977119174, 25.889399680500695, 0.0 ], [ 86.206818654710986, 25.89009928284251, 0.0 ], [ 86.206474798500082, 25.890717786393115, 0.0 ], [ 86.205851492994213, 25.891291310905345, 0.0 ], [ 86.205447479905601, 25.891503655308181, 0.0 ], [ 86.204923649300099, 25.891616772998525, 0.0 ], [ 86.204454645925281, 25.891644108334848, 0.0 ], [ 86.203324873677545, 25.891603054349662, 0.0 ], [ 86.202189282192052, 25.891505411794856, 0.0 ], [ 86.200946818700388, 25.8914157969683, 0.0 ], [ 86.200308143743143, 25.891402588050941, 0.0 ], [ 86.199859133370353, 25.891484055904435, 0.0 ], [ 86.199390190308193, 25.891610665311234, 0.0 ], [ 86.198616987832764, 25.891908929121218, 0.0 ], [ 86.19807319838533, 25.892035572357845, 0.0 ], [ 86.197684050188229, 25.892103464453648, 0.0 ], [ 86.196985516052223, 25.892121862239186, 0.0 ], [ 86.195992578676993, 25.892113320524224, 0.0 ], [ 86.195398915964759, 25.892285109533859, 0.0 ], [ 86.195059746402819, 25.89249739446652, 0.0 ], [ 86.194750610032145, 25.892876652285732, 0.0 ], [ 86.194531344077049, 25.893355158227692, 0.0 ], [ 86.194362311797931, 25.894420358746157, 0.0 ], [ 86.194267875865577, 25.895056767702791, 0.0 ], [ 86.194068658568668, 25.895702252280344, 0.0 ], [ 86.193899261258196, 25.896144627935104, 0.0 ], [ 86.193679905406015, 25.896483222724285, 0.0 ], [ 86.193180869689172, 25.896384165072259, 0.0 ], [ 86.192217761936249, 25.896244700517528, 0.0 ], [ 86.191938419414143, 25.896398277553573, 0.0 ], [ 86.191569222782533, 25.896484196822822, 0.0 ], [ 86.190975390006443, 25.896398714214392, 0.0 ], [ 86.190027218271169, 25.896191530569126, 0.0 ], [ 86.189982170544056, 25.895934296425008, 0.0 ], [ 86.189078925418755, 25.895754165464574, 0.0 ], [ 86.188085851290694, 25.895542475529243, 0.0 ], [ 86.186285072131568, 25.895168790400458, 0.0 ], [ 86.185563245221118, 25.892037721558186, 0.0 ], [ 86.183870858047641, 25.892071743644653, 0.0 ], [ 86.182228627941711, 25.892104738913826, 0.0 ], [ 86.181125199850058, 25.89215720568296, 0.0 ], [ 86.181123972687715, 25.894504847016265, 0.0 ], [ 86.178696972916271, 25.894731355789045, 0.0 ], [ 86.176289214391915, 25.894956028754009, 0.0 ], [ 86.174176535986561, 25.895147176287509, 0.0 ], [ 86.174377159487989, 25.89429052474329, 0.0 ], [ 86.174501878338532, 25.89358242609455, 0.0 ], [ 86.174596710975507, 25.892865127884782, 0.0 ], [ 86.174516824212361, 25.8921513493028, 0.0 ], [ 86.174455834236056, 25.89159117930005, 0.0 ], [ 86.174545580643183, 25.890887395806516, 0.0 ], [ 86.174715557760692, 25.89012989191701, 0.0 ], [ 86.175029202010251, 25.88952670525849, 0.0 ], [ 86.175261421055382, 25.889148790197734, 0.0 ], [ 86.175400649533074, 25.888760537837552, 0.0 ], [ 86.174672460605976, 25.888432116376745, 0.0 ], [ 86.173500826585681, 25.888249372733117, 0.0 ], [ 86.171870602862313, 25.887982736963568, 0.0 ], [ 86.171128034946335, 25.887824995560543, 0.0 ], [ 86.170225604010639, 25.887688910135367, 0.0 ], [ 86.169927665973574, 25.886757176285123, 0.0 ], [ 86.169774116579987, 25.885875929876711, 0.0 ], [ 86.169648651287162, 25.885261211806014, 0.0 ], [ 86.169587024014092, 25.884795844826549, 0.0 ], [ 86.169729637942439, 25.884385822348854, 0.0 ], [ 86.169831915211617, 25.884034260159993, 0.0 ], [ 86.169773602840735, 25.883094867484509, 0.0 ], [ 86.169696246028153, 25.882737763133687, 0.0 ], [ 86.168977971730087, 25.882679474391331, 0.0 ], [ 86.1680846147853, 25.882678868953253, 0.0 ], [ 86.167320033814804, 25.882818953215036, 0.0 ], [ 86.166745095033619, 25.882960123021252, 0.0 ], [ 86.165886766423938, 25.882946161477783, 0.0 ], [ 86.16559269865671, 25.882890293904776, 0.0 ], [ 86.165215012284108, 25.882660129614703, 0.0 ], [ 86.165652667113037, 25.881813881960799, 0.0 ], [ 86.164677527891428, 25.881733778619466, 0.0 ], [ 86.163620093610263, 25.88164642188692, 0.0 ], [ 86.163194655735424, 25.881608311687884, 0.0 ], [ 86.162812094174186, 25.88157404127297, 0.0 ], [ 86.16189907175152, 25.88153265219394, 0.0 ], [ 86.160981569204935, 25.88141899664522, 0.0 ], [ 86.1600826785387, 25.881324601086803, 0.0 ], [ 86.159284775029661, 25.882113467884317, 0.0 ], [ 86.158154013468902, 25.883217527406426, 0.0 ], [ 86.157344814893506, 25.884016446478196, 0.0 ], [ 86.156892927656529, 25.884397570559962, 0.0 ], [ 86.156786006924904, 25.884694918576141, 0.0 ], [ 86.157112915425571, 25.885748743054531, 0.0 ], [ 86.157376872287131, 25.886531319039079, 0.0 ], [ 86.157529376284259, 25.886843718724929, 0.0 ], [ 86.157752616650939, 25.887034632454, 0.0 ], [ 86.1583399645871, 25.887259261126474, 0.0 ], [ 86.158823179260878, 25.88738847568921, 0.0 ], [ 86.159274786136095, 25.887752269797641, 0.0 ], [ 86.159631026740044, 25.888192259686079, 0.0 ], [ 86.159890717533528, 25.888875483325503, 0.0 ], [ 86.159955605669197, 25.889580151863093, 0.0 ], [ 86.159895592290198, 25.890302155661129, 0.0 ], [ 86.159723778759599, 25.891197679483465, 0.0 ], [ 86.159369628281183, 25.891978574876635, 0.0 ], [ 86.15902675232806, 25.892468689358882, 0.0 ], [ 86.158619533035321, 25.892881679412202, 0.0 ], [ 86.157870764933051, 25.893297287486707, 0.0 ], [ 86.157162933585255, 25.893464646876037, 0.0 ], [ 86.156677996427575, 25.893574696048898, 0.0 ], [ 86.155953068598222, 25.893742037086028, 0.0 ], [ 86.155407208105714, 25.893996196945448, 0.0 ], [ 86.155020063875455, 25.894391234950984, 0.0 ], [ 86.154643092853689, 25.894759242711824, 0.0 ], [ 86.154223519103084, 25.895501720592708, 0.0 ], [ 86.154038397970737, 25.896263622911, 0.0 ], [ 86.15379209045777, 25.897205756142768, 0.0 ], [ 86.152802035485536, 25.897040475877148, 0.0 ], [ 86.151992061467254, 25.89694241953633, 0.0 ], [ 86.15090491197401, 25.896805133190181, 0.0 ], [ 86.15009179727474, 25.896737164605053, 0.0 ], [ 86.149646576427315, 25.896874509511644, 0.0 ], [ 86.149052394830605, 25.896902627543746, 0.0 ], [ 86.148534992878425, 25.89666482745508, 0.0 ], [ 86.148036909994403, 25.896517431780353, 0.0 ], [ 86.147557656828184, 25.89652816015079, 0.0 ], [ 86.146733459925386, 25.896613607268854, 0.0 ], [ 86.145929746564619, 25.896626934853817, 0.0 ], [ 86.144871936709066, 25.89657555518308, 0.0 ], [ 86.143923723667868, 25.896554159456791, 0.0 ], [ 86.143473661931125, 25.898052633485115, 0.0 ], [ 86.14226411638036, 25.898057997914446, 0.0 ], [ 86.141517481009174, 25.8979868909191, 0.0 ], [ 86.141033198337553, 25.898002081523778, 0.0 ], [ 86.140502458025679, 25.898229185286105, 0.0 ], [ 86.140041625318219, 25.898452187207816, 0.0 ], [ 86.13955714471696, 25.898494460713355, 0.0 ], [ 86.137835911486263, 25.898380400012819, 0.0 ], [ 86.135769165940715, 25.898417760311233, 0.0 ], [ 86.135055909666505, 25.898345787551307, 0.0 ], [ 86.134524676823517, 25.897954356810455, 0.0 ], [ 86.133886226650233, 25.89789185423809, 0.0 ], [ 86.131978516364313, 25.898024917935828, 0.0 ], [ 86.129882162265403, 25.898016870156233, 0.0 ], [ 86.128824284559812, 25.897974401693851, 0.0 ], [ 86.127655837980726, 25.898035097678942, 0.0 ], [ 86.12672528619035, 25.896463140958474, 0.0 ], [ 86.124139625314356, 25.896984560949448, 0.0 ], [ 86.123767763213792, 25.895971029270001, 0.0 ], [ 86.123383601726829, 25.894596249331233, 0.0 ], [ 86.122620213849601, 25.892532944620363, 0.0 ], [ 86.121438928845862, 25.892986290554418, 0.0 ], [ 86.12010271236403, 25.893465774012991, 0.0 ], [ 86.120122244832373, 25.894197268440049, 0.0 ], [ 86.119557986615632, 25.894229961339366, 0.0 ], [ 86.118719688182964, 25.894197781999313, 0.0 ], [ 86.117946644757623, 25.89411633374964, 0.0 ], [ 86.117242814925504, 25.89389036133219, 0.0 ], [ 86.116620804410402, 25.893868987713887, 0.0 ], [ 86.116032028588151, 25.893842826656243, 0.0 ], [ 86.115304177818103, 25.89372552228383, 0.0 ], [ 86.114851205808563, 25.893560231545642, 0.0 ], [ 86.114373818871627, 25.893322554565579, 0.0 ], [ 86.113984418118747, 25.89323118143901, 0.0 ], [ 86.112956638496883, 25.893277777084275, 0.0 ], [ 86.112212200002304, 25.893377059926294, 0.0 ], [ 86.111232405521051, 25.893578733451911, 0.0 ], [ 86.110362240473492, 25.893803645916762, 0.0 ], [ 86.109537093412456, 25.894015286152072, 0.0 ], [ 86.108606928022681, 25.894253364068248, 0.0 ], [ 86.108749817007066, 25.895829856154197, 0.0 ], [ 86.108824221636638, 25.897220827193447, 0.0 ], [ 86.108932346525577, 25.898774532821246, 0.0 ], [ 86.109043837485302, 25.900544961446844, 0.0 ], [ 86.108169236420963, 25.900688569510802, 0.0 ], [ 86.108201700234446, 25.901681992455227, 0.0 ], [ 86.108333348786559, 25.902761802931277, 0.0 ], [ 86.108368325462195, 25.903421157254677, 0.0 ], [ 86.107218629033227, 25.903635300890613, 0.0 ], [ 86.105683737493194, 25.903959926328969, 0.0 ], [ 86.104638171190416, 25.9042649843074, 0.0 ], [ 86.103618684602793, 25.904421213010988, 0.0 ], [ 86.103862323080193, 25.905208267065849, 0.0 ], [ 86.10411194524464, 25.905864432789762, 0.0 ], [ 86.103536758261001, 25.906014376325945, 0.0 ], [ 86.10448261798291, 25.908999886845187, 0.0 ], [ 86.104623286207968, 25.909542512533466, 0.0 ], [ 86.104470023040733, 25.910006574206264, 0.0 ], [ 86.103970443063631, 25.910057663478888, 0.0 ], [ 86.103549603791109, 25.910258220662229, 0.0 ], [ 86.102990458875993, 25.910739174914685, 0.0 ], [ 86.102433753720945, 25.911267110617544, 0.0 ], [ 86.10187515405724, 25.911859583336025, 0.0 ], [ 86.101206523941173, 25.912478459669504, 0.0 ], [ 86.100694003797045, 25.912917715821365, 0.0 ], [ 86.100319645656896, 25.913127395232692, 0.0 ], [ 86.099772629117624, 25.913291226838734, 0.0 ], [ 86.09946327234006, 25.913271246321255, 0.0 ], [ 86.09914044839671, 25.913052537969794, 0.0 ], [ 86.098963213487039, 25.912726382827309, 0.0 ], [ 86.098917686637463, 25.912148225690817, 0.0 ], [ 86.099012787872596, 25.911458077340818, 0.0 ], [ 86.099167754118824, 25.910772815266405, 0.0 ], [ 86.099385738928518, 25.90967711287713, 0.0 ], [ 86.099496460616834, 25.908901282234066, 0.0 ], [ 86.099480916671979, 25.908318797640135, 0.0 ], [ 86.099385060849002, 25.907794503567999, 0.0 ], [ 86.099338539216973, 25.907347265462594, 0.0 ], [ 86.099144773624076, 25.906569543024776, 0.0 ], [ 86.098944304548709, 25.906017510598257, 0.0 ], [ 86.098958334341461, 25.905484870787415, 0.0 ], [ 86.100094783341092, 25.903731217918729, 0.0 ], [ 86.100171642346467, 25.903469845295813, 0.0 ], [ 86.099733526505787, 25.903318142371795, 0.0 ], [ 86.099280232927654, 25.903193431648454, 0.0 ], [ 86.098792274472743, 25.903032387550986, 0.0 ], [ 86.098358571416725, 25.902957457296921, 0.0 ], [ 86.097744457245355, 25.902976210149514, 0.0 ], [ 86.097174577514863, 25.903085529033881, 0.0 ], [ 86.096584731906049, 25.903194721476932, 0.0 ], [ 86.096150238841602, 25.903223616238044, 0.0 ], [ 86.09577622703938, 25.903176138396418, 0.0 ], [ 86.095537740929871, 25.903030182401185, 0.0 ], [ 86.095305141714306, 25.902766881804315, 0.0 ], [ 86.095203594021896, 25.902337357361823, 0.0 ], [ 86.095068450586325, 25.901731552591386, 0.0 ], [ 86.094932240333748, 25.90126569472514, 0.0 ], [ 86.094734142207571, 25.900406676272205, 0.0 ], [ 86.094380972165396, 25.899591835086795, 0.0 ], [ 86.094121088966233, 25.898980735664257, 0.0 ], [ 86.093929913254058, 25.898523562684073, 0.0 ], [ 86.093789169132236, 25.897998984566406, 0.0 ], [ 86.093593452655369, 25.897483091808496, 0.0 ], [ 86.093178622714447, 25.897227679269708, 0.0 ], [ 86.092829286087138, 25.897546033584511, 0.0 ], [ 86.092382759619838, 25.899150452343484, 0.0 ], [ 86.092058845093717, 25.900385435668532, 0.0 ], [ 86.091725562646118, 25.901539096217402, 0.0 ], [ 86.091464123186796, 25.902435871016952, 0.0 ], [ 86.091320745159948, 25.903559117782695, 0.0 ], [ 86.091058537413915, 25.904555208790125, 0.0 ], [ 86.090942288264415, 25.905028247457473, 0.0 ], [ 86.090836983103387, 25.905456747244813, 0.0 ], [ 86.090587553175865, 25.906087231241074, 0.0 ], [ 86.090390529597784, 25.906392990493249, 0.0 ], [ 86.090139325052405, 25.90660360289624, 0.0 ], [ 86.089703951565198, 25.906745338116036, 0.0 ], [ 86.08926479910896, 25.906729036184601, 0.0 ], [ 86.088896256265642, 25.906618369218172, 0.0 ], [ 86.088603593788022, 25.906377255011748, 0.0 ], [ 86.088380987454642, 25.906114006399033, 0.0 ], [ 86.08827031263418, 25.905576069098451, 0.0 ], [ 86.088213086741561, 25.905228082299637, 0.0 ], [ 86.088115652541035, 25.904915960411959, 0.0 ], [ 86.087932807697641, 25.904675534341479, 0.0 ], [ 86.087634570116492, 25.904511131213813, 0.0 ], [ 86.087340734323362, 25.904423504402853, 0.0 ], [ 86.086890339744144, 25.904571908499282, 0.0 ], [ 86.086657412291061, 25.905001588583065, 0.0 ], [ 86.086603047304123, 25.905579119857634, 0.0 ], [ 86.086381840598065, 25.906430991434942, 0.0 ], [ 86.086273913781781, 25.906830203528116, 0.0 ], [ 86.086030605635969, 25.907313644644272, 0.0 ], [ 86.085670460331727, 25.908056288062188, 0.0 ], [ 86.085241856056797, 25.908613398400842, 0.0 ], [ 86.084809266791467, 25.909039557906656, 0.0 ], [ 86.084296389463191, 25.909519385221675, 0.0 ], [ 86.083859499297688, 25.909855221963742, 0.0 ], [ 86.083313033651464, 25.910158762399469, 0.0 ], [ 86.082755149235297, 25.910647328316141, 0.0 ], [ 86.082256848112976, 25.911176899948337, 0.0 ], [ 86.081838339038654, 25.911716005010643, 0.0 ], [ 86.08099109796359, 25.912669425911989, 0.0 ], [ 86.080579794694543, 25.913075959194416, 0.0 ], [ 86.080203238333667, 25.913353476751865, 0.0 ], [ 86.07975097053955, 25.913416069178769, 0.0 ], [ 86.079381726275273, 25.913072870577416, 0.0 ], [ 86.079227563849031, 25.91235406643391, 0.0 ], [ 86.079211312697694, 25.91187541333445, 0.0 ], [ 86.07910116538423, 25.911274268735379, 0.0 ], [ 86.078965675102907, 25.910722623505855, 0.0 ], [ 86.078774471090625, 25.910274461305786, 0.0 ], [ 86.078498657074448, 25.909965529540777, 0.0 ], [ 86.078125368438975, 25.909651831813907, 0.0 ], [ 86.077796024888272, 25.909636193359937, 0.0 ], [ 86.077499936171321, 25.909837467676706, 0.0 ], [ 86.077206028206447, 25.910399924665665, 0.0 ], [ 86.076847929183828, 25.911512756699402, 0.0 ], [ 86.07664295086407, 25.912193158223037, 0.0 ], [ 86.076486833085667, 25.91300931050769, 0.0 ], [ 86.076394306069645, 25.913992907711634, 0.0 ], [ 86.076172094049895, 25.914962135120764, 0.0 ], [ 86.07585552374951, 25.915867554863322, 0.0 ], [ 86.075513834248497, 25.916472592754317, 0.0 ], [ 86.075233453700193, 25.916897434972125, 0.0 ], [ 86.074864776696828, 25.917441350597056, 0.0 ], [ 86.074274242369654, 25.917627194080069, 0.0 ], [ 86.073771110147788, 25.917488541045355, 0.0 ], [ 86.073410388174977, 25.917245905681035, 0.0 ], [ 86.072778716935346, 25.916714712078537, 0.0 ], [ 86.072307767877447, 25.916291839231395, 0.0 ], [ 86.071816394872968, 25.915927524431538, 0.0 ], [ 86.071329591748352, 25.915617413243023, 0.0 ], [ 86.070678129893921, 25.915297214483576, 0.0 ], [ 86.070195511142359, 25.915090961677848, 0.0 ], [ 86.069717034443983, 25.914993085159118, 0.0 ], [ 86.069232468835679, 25.915035120975745, 0.0 ], [ 86.068847208444723, 25.915145512082649, 0.0 ], [ 86.06851586437206, 25.915382657604749, 0.0 ], [ 86.068318697491634, 25.915697412746535, 0.0 ], [ 86.068125598087391, 25.916129574671906, 0.0 ], [ 86.067999687822564, 25.916905278032978, 0.0 ], [ 86.067940126621011, 25.917496309226902, 0.0 ], [ 86.06791376810709, 25.918308769069192, 0.0 ], [ 86.067893893894137, 25.918931657344082, 0.0 ], [ 86.067732287631145, 25.919801937368902, 0.0 ], [ 86.067134935322983, 25.919899672841346, 0.0 ], [ 86.066738971975767, 25.919782001273511, 0.0 ], [ 86.066004202051971, 25.919262602354031, 0.0 ], [ 86.0656228039241, 25.918880917197487, 0.0 ], [ 86.065137109498579, 25.918430839076919, 0.0 ], [ 86.064561564048461, 25.91798017952825, 0.0 ], [ 86.064228953458922, 25.917743272757221, 0.0 ], [ 86.063766447140893, 25.917519071080665, 0.0 ], [ 86.063297986274009, 25.917416722755277, 0.0 ], [ 86.062782778740498, 25.917544316006413, 0.0 ], [ 86.062486182269822, 25.917804244932402, 0.0 ], [ 86.06206613268273, 25.91852386366946, 0.0 ], [ 86.061770056336485, 25.919348120347912, 0.0 ], [ 86.061523969305256, 25.92016367049229, 0.0 ], [ 86.061332540388491, 25.921011175816837, 0.0 ], [ 86.06125220190512, 25.921334839819394, 0.0 ], [ 86.061177218615796, 25.921686638267094, 0.0 ], [ 86.060992216098938, 25.922327415532568, 0.0 ], [ 86.060912195202818, 25.922647795637292, 0.0 ], [ 86.060637472527887, 25.923080997306673, 0.0 ], [ 86.060053347385235, 25.923396617182522, 0.0 ], [ 86.059479267841766, 25.92354079132798, 0.0 ], [ 86.058441076575605, 25.923761494930776, 0.0 ], [ 86.057901941666643, 25.923905618492878, 0.0 ], [ 86.057252942274758, 25.924153583503124, 0.0 ], [ 86.056444217826368, 25.924509668650337, 0.0 ], [ 86.055560673071895, 25.924856773199071, 0.0 ], [ 86.054856758130342, 25.925140757268711, 0.0 ], [ 86.054422435118212, 25.9252624367581, 0.0 ], [ 86.054028178265099, 25.925230654144055, 0.0 ], [ 86.053309435961751, 25.925370201725215, 0.0 ], [ 86.052845100802941, 25.925579850277295, 0.0 ], [ 86.052969553580112, 25.926056004456793, 0.0 ], [ 86.053308723207977, 25.926421735732905, 0.0 ], [ 86.053697774901352, 25.926805579204192, 0.0 ], [ 86.054336355961496, 25.927252720166067, 0.0 ], [ 86.054925086948501, 25.927690774893655, 0.0 ], [ 86.055453870090801, 25.928196516258105, 0.0 ], [ 86.055907768430316, 25.92858935452502, 0.0 ], [ 86.056406500007824, 25.929271146523348, 0.0 ], [ 86.056700663114398, 25.929848944054903, 0.0 ], [ 86.056885064360216, 25.930354514590917, 0.0 ], [ 86.056994500656842, 25.931045056538697, 0.0 ], [ 86.056899307850657, 25.931550522825841, 0.0 ], [ 86.05672936294151, 25.931988235455805, 0.0 ], [ 86.056404706853186, 25.932367152498699, 0.0 ], [ 86.05606019687643, 25.932655828643092, 0.0 ], [ 86.055573416722069, 25.93275938161343, 0.0 ], [ 86.055191870756488, 25.932276360533152, 0.0 ], [ 86.054912899021787, 25.931459296520845, 0.0 ], [ 86.05474355307112, 25.930782267210745, 0.0 ], [ 86.054494285204257, 25.930335321171764, 0.0 ], [ 86.054150101151095, 25.929983103838349, 0.0 ], [ 86.053715931222015, 25.929770791917502, 0.0 ], [ 86.053311715533894, 25.929671268535078, 0.0 ], [ 86.052942394183717, 25.929716258608504, 0.0 ], [ 86.052480417438716, 25.929829561062583, 0.0 ], [ 86.052253379541455, 25.930067953750665, 0.0 ], [ 86.052063243098871, 25.930780918156604, 0.0 ], [ 86.052002871441559, 25.93151197765372, 0.0 ], [ 86.051875705423157, 25.93201592079922, 0.0 ], [ 86.051656038676668, 25.932401700075484, 0.0 ], [ 86.051334163545903, 25.93269304122553, 0.0 ], [ 86.050899049076421, 25.932784997400127, 0.0 ], [ 86.04995063721536, 25.932756208096247, 0.0 ], [ 86.048348959096259, 25.932628318032631, 0.0 ], [ 86.047042537024694, 25.932416574150935, 0.0 ], [ 86.046075977470338, 25.932161911550718, 0.0 ], [ 86.045394179090081, 25.93188654607027, 0.0 ], [ 86.044524306697625, 25.931406780830152, 0.0 ], [ 86.043499163192166, 25.930989189980941, 0.0 ], [ 86.042300166699548, 25.930462092686348, 0.0 ], [ 86.041260756124288, 25.929958615027463, 0.0 ], [ 86.040234430745485, 25.929689974721303, 0.0 ], [ 86.039749834483942, 25.929727395540084, 0.0 ], [ 86.039148434243742, 25.930007827297505, 0.0 ], [ 86.038228620038353, 25.930764688094044, 0.0 ], [ 86.037750153443383, 25.931276173505204, 0.0 ], [ 86.03731272395963, 25.931652491699342, 0.0 ], [ 86.036830100758536, 25.932060110326358, 0.0 ], [ 86.036422841145324, 25.932409539758638, 0.0 ], [ 86.03634464727557, 25.932815331608623, 0.0 ], [ 86.036517204715651, 25.933414808290401, 0.0 ], [ 86.036877606367867, 25.934200335045784, 0.0 ], [ 86.037217511199572, 25.934766916238114, 0.0 ], [ 86.037732016623181, 25.935352715152668, 0.0 ], [ 86.038119025783587, 25.935653247202634, 0.0 ], [ 86.038552400654183, 25.935778016980368, 0.0 ], [ 86.038956809678567, 25.935780700967161, 0.0 ], [ 86.039436621261345, 25.935720678611855, 0.0 ], [ 86.039782032814557, 25.935610104035998, 0.0 ], [ 86.040143116851652, 25.935413855324537, 0.0 ], [ 86.040464148888546, 25.935230884716738, 0.0 ], [ 86.040964586823591, 25.935089731681945, 0.0 ], [ 86.04195757125801, 25.935782517321091, 0.0 ], [ 86.042685004649613, 25.936590920922576, 0.0 ], [ 86.043105776683191, 25.93704064441804, 0.0 ], [ 86.043432600859035, 25.937376881520589, 0.0 ], [ 86.043899771542172, 25.937646325550762, 0.0 ], [ 86.044552042569194, 25.937871843895987, 0.0 ], [ 86.045064662096635, 25.93807838016949, 0.0 ], [ 86.045422070953407, 25.938338066501078, 0.0 ], [ 86.045683342884971, 25.938755129551605, 0.0 ], [ 86.045795122902206, 25.939135090470785, 0.0 ], [ 86.045652704209814, 25.939459201633223, 0.0 ], [ 86.045171240572841, 25.939722388804537, 0.0 ], [ 86.044365894248287, 25.939902175890364, 0.0 ], [ 86.043535216233451, 25.940126937169275, 0.0 ], [ 86.042638714695784, 25.940464122213218, 0.0 ], [ 86.041936384436653, 25.940870304980809, 0.0 ], [ 86.041066978896822, 25.941559796389644, 0.0 ], [ 86.040322058975292, 25.942290738684992, 0.0 ], [ 86.039134227809839, 25.943452137559547, 0.0 ], [ 86.038702017845409, 25.943942983007076, 0.0 ], [ 86.038282358990415, 25.944461810694072, 0.0 ], [ 86.037942660691883, 25.944800043171707, 0.0 ], [ 86.037488209725907, 25.94505254862775, 0.0 ], [ 86.037193646051094, 25.945083908702106, 0.0 ], [ 86.036884346168478, 25.944925738165018, 0.0 ], [ 86.036555214877566, 25.944406541169528, 0.0 ], [ 86.036186379686185, 25.943747397881801, 0.0 ], [ 86.035993310641416, 25.943351583565697, 0.0 ], [ 86.03582746201414, 25.943011571863224, 0.0 ], [ 86.035518345642188, 25.942537470415168, 0.0 ], [ 86.03525416455318, 25.942113057246534, 0.0 ], [ 86.034864930995141, 25.941851057769934, 0.0 ], [ 86.03443071155877, 25.941864325942703, 0.0 ], [ 86.033996302313057, 25.942035511095675, 0.0 ], [ 86.032843316198196, 25.941894908137318, 0.0 ], [ 86.032189406771906, 25.941894513012169, 0.0 ], [ 86.031365729280765, 25.941893973173709, 0.0 ], [ 86.030816678405415, 25.941893551157261, 0.0 ], [ 86.029668568649001, 25.941901845998874, 0.0 ], [ 86.027387182591696, 25.942094395117678, 0.0 ], [ 86.025704810465584, 25.942246696440741, 0.0 ], [ 86.024556700976603, 25.942290976675491, 0.0 ], [ 86.023200132546094, 25.942361948033174, 0.0 ], [ 86.022320287280863, 25.942393277291263, 0.0 ], [ 86.02196329399203, 25.94242684786736, 0.0 ], [ 86.02151118222443, 25.942453816668095, 0.0 ], [ 86.020254526473124, 25.942255710605522, 0.0 ], [ 86.019401741568075, 25.9421280460475, 0.0 ], [ 86.01871871961751, 25.942001527541006, 0.0 ], [ 86.017951080129635, 25.941842830084916, 0.0 ], [ 86.017283264944851, 25.941689320377307, 0.0 ], [ 86.016820534541182, 25.941492054926069, 0.0 ], [ 86.016497570308019, 25.94130025117418, 0.0 ], [ 86.01628970631819, 25.941077625999917, 0.0 ], [ 86.01613854666671, 25.940640945779251, 0.0 ], [ 86.015745854705543, 25.940428351184359, 0.0 ], [ 86.015004928343558, 25.940263246419306, 0.0 ], [ 86.013681600573918, 25.939992413362411, 0.0 ], [ 86.012918370387482, 25.939822741734897, 0.0 ], [ 86.012299595223126, 25.93962819213484, 0.0 ], [ 86.011915350540761, 25.939434410354892, 0.0 ], [ 86.011566181218384, 25.93926204749657, 0.0 ], [ 86.010632803295252, 25.938910784338873, 0.0 ], [ 86.010152738423116, 25.940104894536134, 0.0 ], [ 86.009916380422169, 25.941896442208471, 0.0 ], [ 86.009357420902845, 25.941783164545249, 0.0 ], [ 86.00878354019099, 25.941615714669936, 0.0 ], [ 86.008176955047219, 25.94148906790431, 0.0 ], [ 86.007071502891748, 25.941501493881901, 0.0 ], [ 86.006108108310968, 25.941500702044724, 0.0 ], [ 86.005785370534355, 25.939798962907751, 0.0 ], [ 86.005522096390251, 25.938535052088167, 0.0 ], [ 86.005303485686611, 25.937532941911019, 0.0 ], [ 86.006491739849181, 25.937106351703566, 0.0 ], [ 86.006034116173581, 25.935683138570774, 0.0 ], [ 86.005755678751726, 25.934613282498429, 0.0 ], [ 86.005352846740635, 25.933164213412276, 0.0 ], [ 86.005120286952334, 25.932050006565184, 0.0 ], [ 86.004530190055164, 25.932269915867067, 0.0 ], [ 86.003596542770197, 25.932535410385441, 0.0 ], [ 86.002383158111272, 25.933012781383223, 0.0 ], [ 86.001811428833406, 25.933201211445553, 0.0 ], [ 86.001749593961492, 25.932691805271428, 0.0 ], [ 86.001655816936818, 25.931680768960607, 0.0 ], [ 86.001596838338813, 25.930805159256614, 0.0 ], [ 86.001627462019016, 25.930159798084777, 0.0 ], [ 86.001473590648672, 25.929342777840873, 0.0 ], [ 86.001379345365493, 25.928783061006683, 0.0 ], [ 86.001288845387634, 25.928294556488428, 0.0 ], [ 86.001191549707514, 25.927793503508791, 0.0 ], [ 86.000481862443422, 25.92795190128605, 0.0 ], [ 86.00000016395802, 25.928062880172529, 0.0 ], [ 85.999641820798459, 25.928151334986879, 0.0 ], [ 85.998776127191007, 25.928384627065181, 0.0 ], [ 85.998992305567441, 25.930571160871644, 0.0 ], [ 85.999210203061423, 25.933145956758128, 0.0 ], [ 85.999175671052924, 25.933687463178334, 0.0 ], [ 85.997665895237944, 25.933916296280699, 0.0 ], [ 85.99686700935689, 25.933919796499161, 0.0 ], [ 85.99600098247376, 25.93359778000282, 0.0 ], [ 85.994626576497453, 25.933759800789943, 0.0 ], [ 85.994104709906239, 25.933749233326658, 0.0 ], [ 85.992916937467896, 25.934005255630726, 0.0 ], [ 85.991847069704335, 25.9341693666594, 0.0 ], [ 85.991973768366805, 25.936722323794719, 0.0 ], [ 85.992111396628957, 25.938311036003007, 0.0 ], [ 85.992143733465568, 25.93920241653748, 0.0 ], [ 85.992176105387045, 25.940094727055968, 0.0 ], [ 85.992084771536781, 25.940852533182451, 0.0 ], [ 85.991522535921391, 25.941205267528851, 0.0 ], [ 85.99125176744252, 25.941338817993493, 0.0 ], [ 85.991284326512996, 25.942205835105035, 0.0 ], [ 85.991599028340218, 25.942776857319981, 0.0 ], [ 85.992498215384202, 25.943315829230066, 0.0 ], [ 85.992858092570401, 25.94386007624049, 0.0 ], [ 85.993039645809972, 25.944236044822702, 0.0 ], [ 85.994236959214106, 25.943774852212695, 0.0 ], [ 85.994536470241641, 25.944372850314544, 0.0 ], [ 85.994774726196837, 25.945128430734659, 0.0 ], [ 85.995860751150801, 25.946720565973042, 0.0 ], [ 85.994085781514329, 25.947362380986529, 0.0 ], [ 85.993279248347193, 25.947768073461621, 0.0 ], [ 85.991304304791242, 25.948065833889068, 0.0 ], [ 85.9901110960637, 25.948039459723237, 0.0 ], [ 85.988284779668149, 25.9484736504122, 0.0 ], [ 85.987895274249112, 25.948475443904133, 0.0 ], [ 85.988258486936957, 25.95096548503837, 0.0 ], [ 85.988346413679494, 25.951778713292402, 0.0 ], [ 85.988139734110135, 25.952589883357998, 0.0 ], [ 85.987149518499749, 25.953345914241517, 0.0 ], [ 85.985778938675423, 25.953616221289163, 0.0 ], [ 85.984582888415062, 25.953914826140533, 0.0 ], [ 85.983800857616302, 25.954265986529983, 0.0 ], [ 85.981794988842864, 25.954080343264479, 0.0 ], [ 85.980301561879941, 25.953537121683368, 0.0 ], [ 85.97849232345888, 25.953136120726249, 0.0 ], [ 85.97623695561245, 25.953065349697678, 0.0 ], [ 85.973798446064677, 25.952543132582701, 0.0 ], [ 85.971760536313326, 25.952027564786576, 0.0 ], [ 85.970887763436664, 25.951326130975996, 0.0 ], [ 85.970327590566285, 25.951160140750762, 0.0 ], [ 85.96900782231836, 25.951597172057401, 0.0 ], [ 85.967111269285681, 25.952626506952576, 0.0 ], [ 85.966814579638495, 25.954579170744175, 0.0 ], [ 85.966694765278632, 25.955147142776198, 0.0 ], [ 85.96645318946068, 25.955362114543352, 0.0 ], [ 85.964807375780154, 25.955120117583331, 0.0 ], [ 85.963702319500456, 25.954714936993032, 0.0 ], [ 85.963223388596006, 25.954661849091803, 0.0 ], [ 85.962089103660617, 25.955312839152924, 0.0 ], [ 85.96166613237105, 25.955711596632838, 0.0 ], [ 85.961698709752227, 25.955982700612772, 0.0 ], [ 85.962567614250958, 25.956553240756651, 0.0 ], [ 85.962687226906652, 25.957150012246299, 0.0 ], [ 85.962356949443475, 25.957797732733493, 0.0 ], [ 85.96202971767309, 25.958097858850255, 0.0 ], [ 85.960592455660901, 25.957988228023655, 0.0 ], [ 85.96010994352541, 25.958341408248724, 0.0 ], [ 85.959870485594763, 25.958881427278829, 0.0 ], [ 85.960158206739621, 25.959100189829702, 0.0 ], [ 85.960935617757187, 25.959286351300427, 0.0 ], [ 85.960952928167558, 25.959854842626978, 0.0 ], [ 85.960846918222671, 25.9602879327607, 0.0 ], [ 85.959175118767632, 25.960722857626795, 0.0 ], [ 85.957915667453591, 25.960266863268743, 0.0 ], [ 85.957259773154803, 25.961025089263519, 0.0 ], [ 85.956211307728722, 25.960994960817999, 0.0 ], [ 85.955760433699609, 25.960589919947367, 0.0 ], [ 85.954447204561177, 25.961700034580044, 0.0 ], [ 85.952651004081929, 25.961515500443522, 0.0 ], [ 85.952080482950876, 25.96221563131812, 0.0 ], [ 85.951121375135301, 25.962244800907758, 0.0 ], [ 85.95103375024928, 25.960862733459081, 0.0 ], [ 85.950819805913937, 25.959646786838185, 0.0 ], [ 85.951048299578886, 25.959221823699544, 0.0 ], [ 85.951480051984376, 25.958401057720923, 0.0 ], [ 85.952286247708557, 25.958154082224347, 0.0 ], [ 85.953577528387939, 25.957829348900141, 0.0 ], [ 85.953786094401266, 25.957397465407382, 0.0 ], [ 85.953377215682465, 25.956763610531631, 0.0 ], [ 85.95288826556461, 25.95671380201621, 0.0 ], [ 85.951363830272484, 25.956300979339503, 0.0 ], [ 85.950087768151576, 25.955474609561971, 0.0 ], [ 85.949566482480648, 25.954567930671825, 0.0 ], [ 85.94931484336287, 25.953663207655119, 0.0 ], [ 85.948921573766967, 25.953524919059202, 0.0 ], [ 85.948455098386745, 25.953221700088456, 0.0 ], [ 85.948057673447963, 25.952963363360873, 0.0 ], [ 85.945390575330535, 25.953020709277592, 0.0 ], [ 85.944439153608513, 25.953316246920838, 0.0 ], [ 85.944200722612138, 25.95429415193825, 0.0 ], [ 85.943690593689269, 25.954940516594149, 0.0 ], [ 85.941923456589222, 25.955428720865992, 0.0 ], [ 85.941055885223534, 25.95583771039357, 0.0 ], [ 85.940306006972946, 25.956486823612412, 0.0 ], [ 85.940276573470797, 25.957542995737953, 0.0 ], [ 85.94126588958423, 25.960272463567478, 0.0 ], [ 85.942463280920862, 25.961518182500093, 0.0 ], [ 85.942719560777903, 25.961899270217458, 0.0 ], [ 85.942931400092789, 25.963900730341368, 0.0 ], [ 85.942646715137414, 25.965524486619824, 0.0 ], [ 85.94224640254194, 25.966225195636198, 0.0 ], [ 85.941231118141857, 25.966389322531967, 0.0 ], [ 85.940213506513672, 25.966255470472714, 0.0 ], [ 85.940001505274495, 25.965391653558182, 0.0 ], [ 85.939850442931842, 25.964415421310445, 0.0 ], [ 85.937874213084314, 25.96425647114026, 0.0 ], [ 85.937277472778561, 25.963416914262304, 0.0 ], [ 85.937134238829813, 25.962882057365, 0.0 ], [ 85.936407745449586, 25.960169136363106, 0.0 ], [ 85.936380581977645, 25.959302158861227, 0.0 ], [ 85.937487024815255, 25.958434474983918, 0.0 ], [ 85.937780092910018, 25.958052895064021, 0.0 ], [ 85.937658935396044, 25.957085908838128, 0.0 ], [ 85.937274068590213, 25.95656843401769, 0.0 ], [ 85.935896980628712, 25.956436429106763, 0.0 ], [ 85.935688110738369, 25.95578480890552, 0.0 ], [ 85.935599814569045, 25.955052815696273, 0.0 ], [ 85.935298346614545, 25.954702984260908, 0.0 ], [ 85.933621795693853, 25.955110492688366, 0.0 ], [ 85.931798365805093, 25.955191855493993, 0.0 ], [ 85.930289557846351, 25.95527100590024, 0.0 ], [ 85.930229680605848, 25.956922858914307, 0.0 ], [ 85.930463070396442, 25.958725856355706, 0.0 ], [ 85.930517415704642, 25.959067100156513, 0.0 ], [ 85.930770277580365, 25.959545243434867, 0.0 ], [ 85.930324193996114, 25.960277806278679, 0.0 ], [ 85.929213579615777, 25.960495319327084, 0.0 ], [ 85.928404262492663, 25.961631490359188, 0.0 ], [ 85.92836135657852, 25.961932893298446, 0.0 ], [ 85.928196260306066, 25.963092637368842, 0.0 ], [ 85.92806441145045, 25.963468898898586, 0.0 ], [ 85.927982987959183, 25.968991457802893, 0.0 ], [ 85.928070029608975, 25.971225386837414, 0.0 ], [ 85.927973994076339, 25.97383991944923, 0.0 ], [ 85.927434500556743, 25.974950992602974, 0.0 ], [ 85.926326782777352, 25.975775987527303, 0.0 ], [ 85.925425176137537, 25.976218189903129, 0.0 ], [ 85.924170761869206, 25.976303673258347, 0.0 ], [ 85.923034768566467, 25.976548032780254, 0.0 ], [ 85.922109613209528, 25.97722282578729, 0.0 ], [ 85.921060588000827, 25.978334590646408, 0.0 ], [ 85.919970350201581, 25.97958147328762, 0.0 ], [ 85.91943009554457, 25.981310986191488, 0.0 ], [ 85.919192839759901, 25.981584595179541, 0.0 ], [ 85.918713177913986, 25.981496572233688, 0.0 ], [ 85.917577243359958, 25.981288108056141, 0.0 ], [ 85.916049831143056, 25.980635623057385, 0.0 ], [ 85.91548266394048, 25.980392107343718, 0.0 ], [ 85.914585580405756, 25.980177716255167, 0.0 ], [ 85.914104549121717, 25.979257675358753, 0.0 ], [ 85.91353829852541, 25.978643975800988, 0.0 ], [ 85.913180866562683, 25.978406541127267, 0.0 ], [ 85.912726004936232, 25.97817288722899, 0.0 ], [ 85.912411936270701, 25.972676048899505, 0.0 ], [ 85.910978960090205, 25.973175807959088, 0.0 ], [ 85.904934426958562, 25.976010405631644, 0.0 ], [ 85.903218039764539, 25.976900293544073, 0.0 ], [ 85.90133190315612, 25.978494075120786, 0.0 ], [ 85.900459331554089, 25.979231373953692, 0.0 ], [ 85.898771526959294, 25.980261370836683, 0.0 ], [ 85.897019325788278, 25.981291037454362, 0.0 ], [ 85.896511255259654, 25.981616534984408, 0.0 ], [ 85.894444237801252, 25.983131144179541, 0.0 ], [ 85.89340392309569, 25.984346597908523, 0.0 ], [ 85.892651158739227, 25.986322667315534, 0.0 ], [ 85.892737116259042, 25.986786152736993, 0.0 ], [ 85.892959072980972, 25.987982945754563, 0.0 ], [ 85.893012523257156, 25.988271145620466, 0.0 ], [ 85.893154281708618, 25.988601783475811, 0.0 ], [ 85.893146834174232, 25.988863562400866, 0.0 ], [ 85.892842131006702, 25.991529248969577, 0.0 ], [ 85.891984162498559, 25.992466191174334, 0.0 ], [ 85.890577285555509, 25.993872932225017, 0.0 ], [ 85.885909139355249, 25.994144029316768, 0.0 ], [ 85.882077481280035, 25.994173151797089, 0.0 ], [ 85.88179584733696, 25.993845938343181, 0.0 ], [ 85.881016844772546, 25.991709115835629, 0.0 ], [ 85.880866503273595, 25.990705755729898, 0.0 ], [ 85.880630817500588, 25.990275063713046, 0.0 ], [ 85.880119866128268, 25.989900928375445, 0.0 ], [ 85.879310306404747, 25.989411617628637, 0.0 ], [ 85.878225698063204, 25.989588731561497, 0.0 ], [ 85.876318103900928, 25.989952704306969, 0.0 ], [ 85.874969673420765, 25.990976020270256, 0.0 ], [ 85.873498796837296, 25.993046521895359, 0.0 ], [ 85.873166409368636, 25.99341981690284, 0.0 ], [ 85.872429253658154, 25.994418778113726, 0.0 ], [ 85.871679098021943, 25.995555069553522, 0.0 ], [ 85.872802353028135, 25.997721706722093, 0.0 ], [ 85.873493221252033, 25.998611909868764, 0.0 ], [ 85.873523537672909, 25.999099700366813, 0.0 ], [ 85.873194160630888, 25.999589202877786, 0.0 ], [ 85.87315691003549, 26.000006022794338, 0.0 ], [ 85.873123469333891, 26.000464355073124, 0.0 ], [ 85.871789952001464, 26.001542012965324, 0.0 ], [ 85.871430320926009, 26.002864360320054, 0.0 ], [ 85.871295453100331, 26.003667680216786, 0.0 ], [ 85.871325354878493, 26.004480051293175, 0.0 ], [ 85.871520096053274, 26.005378218585928, 0.0 ], [ 85.871759827509479, 26.006754719839542, 0.0 ], [ 85.871859622605186, 26.007698011125797, 0.0 ], [ 85.871889632741343, 26.008447181113628, 0.0 ], [ 85.871894608519199, 26.009160221791497, 0.0 ], [ 85.871714776023097, 26.009701808254327, 0.0 ], [ 85.871325157919088, 26.010374298967644, 0.0 ], [ 85.870830672990181, 26.010915865071713, 0.0 ], [ 85.870171418648283, 26.011258773398193, 0.0 ], [ 85.86935721651254, 26.011556677033692, 0.0 ], [ 85.868293390287477, 26.011908600684528, 0.0 ], [ 85.867823794869778, 26.012301285781621, 0.0 ], [ 85.867104517168272, 26.012878908091444, 0.0 ], [ 85.866415224550124, 26.013569350436068, 0.0 ], [ 85.865890764327617, 26.014273361084882, 0.0 ], [ 85.865376223639288, 26.015171476106925, 0.0 ], [ 85.864716747963556, 26.016250018118374, 0.0 ], [ 85.864536913276069, 26.016994740734159, 0.0 ], [ 85.864491864604489, 26.017834150142392, 0.0 ], [ 85.864341940359054, 26.018948924007958, 0.0 ], [ 85.864491717160661, 26.019682286669759, 0.0 ], [ 85.865208484219266, 26.019797435179129, 0.0 ], [ 85.865575587772, 26.020190132161073, 0.0 ], [ 85.865620502989088, 26.020840012448055, 0.0 ], [ 85.865590412739621, 26.021724592221918, 0.0 ], [ 85.865380573341369, 26.022211941289196, 0.0 ], [ 85.864841166759831, 26.022563979664774, 0.0 ], [ 85.863757162610355, 26.022965546764379, 0.0 ], [ 85.86309281736888, 26.023060269952392, 0.0 ], [ 85.862658192825322, 26.023073734101594, 0.0 ], [ 85.862043823969998, 26.022897713111121, 0.0 ], [ 85.861349498368355, 26.022640433296626, 0.0 ], [ 85.860450390873169, 26.022396613100927, 0.0 ], [ 85.859111760312842, 26.021981204089588, 0.0 ], [ 85.858027908538077, 26.021818614415587, 0.0 ], [ 85.85421175639587, 26.021240457738422, 0.0 ], [ 85.852678277044703, 26.021064241059669, 0.0 ], [ 85.851024952865743, 26.020860871472689, 0.0 ], [ 85.849131870419839, 26.020702614556388, 0.0 ], [ 85.847738287795849, 26.02074297468096, 0.0 ], [ 85.846849116946416, 26.02095943389217, 0.0 ], [ 85.846159703004957, 26.021257115465602, 0.0 ], [ 85.845645129587766, 26.021609007866445, 0.0 ], [ 85.845090518943351, 26.022263310978154, 0.0 ], [ 85.844775735119072, 26.022764234743384, 0.0 ], [ 85.844670633123187, 26.023251666734183, 0.0 ], [ 85.844775492557631, 26.023707460851668, 0.0 ], [ 85.84489518397028, 26.02411822968471, 0.0 ], [ 85.845474438863576, 26.025020942583296, 0.0 ], [ 85.845928725216837, 26.026185390476662, 0.0 ], [ 85.846043477442706, 26.026713492636169, 0.0 ], [ 85.846172901295816, 26.028428533473498, 0.0 ], [ 85.845952704301766, 26.030199874626838, 0.0 ], [ 85.846816800569329, 26.030572389992315, 0.0 ], [ 85.848035674033127, 26.030924661019185, 0.0 ], [ 85.848664947525009, 26.031326397237471, 0.0 ], [ 85.84924268291627, 26.032025466298425, 0.0 ], [ 85.849463928154165, 26.032915220410548, 0.0 ], [ 85.849268924978801, 26.033542516248339, 0.0 ], [ 85.848844155736572, 26.034395412930131, 0.0 ], [ 85.848169531089553, 26.035094815640363, 0.0 ], [ 85.84734513378416, 26.035636191533325, 0.0 ], [ 85.846365799448577, 26.036394277871189, 0.0 ], [ 85.845361602842345, 26.036709933948352, 0.0 ], [ 85.844762158608077, 26.036709836946912, 0.0 ], [ 85.843723055621638, 26.036456846661203, 0.0 ], [ 85.841455240414845, 26.035761347245248, 0.0 ], [ 85.840680322395869, 26.035505488057538, 0.0 ], [ 85.840432854479829, 26.035141361936422, 0.0 ], [ 85.840194175102781, 26.034778028470523, 0.0 ], [ 85.839807169193023, 26.034518145826869, 0.0 ], [ 85.839178501776402, 26.034208649277872, 0.0 ], [ 85.838592635638193, 26.033951711791502, 0.0 ], [ 85.837910684033034, 26.033589743932925, 0.0 ], [ 85.837434549865279, 26.03279475586217, 0.0 ], [ 85.837332049110842, 26.032514559432375, 0.0 ], [ 85.837032523480147, 26.0318780797828, 0.0 ], [ 85.832253460086108, 26.032563302891162, 0.0 ], [ 85.830250880235184, 26.033771960241907, 0.0 ], [ 85.827896827445358, 26.034616367839391, 0.0 ], [ 85.823893040001025, 26.035282230014023, 0.0 ], [ 85.822539350816541, 26.035350755879136, 0.0 ], [ 85.821843995346086, 26.035191086628465, 0.0 ], [ 85.821011283962548, 26.035186443606271, 0.0 ], [ 85.819943337526524, 26.035789793747913, 0.0 ], [ 85.817829655528939, 26.038858282213273, 0.0 ], [ 85.817394404534795, 26.039118427709528, 0.0 ], [ 85.815313637764561, 26.040362051315228, 0.0 ], [ 85.813765076195608, 26.040662437483036, 0.0 ], [ 85.811662688845573, 26.040765031374299, 0.0 ], [ 85.809692447462083, 26.040416105815268, 0.0 ], [ 85.804032776297973, 26.041048957409483, 0.0 ], [ 85.800401341461509, 26.041263719596174, 0.0 ], [ 85.798670610437711, 26.04136152021427, 0.0 ], [ 85.79735054950541, 26.041793998609275, 0.0 ], [ 85.79597888350834, 26.042254749281195, 0.0 ], [ 85.793835944551603, 26.042981136421478, 0.0 ], [ 85.792357039450849, 26.037082155595531, 0.0 ], [ 85.791424215432855, 26.037549078258245, 0.0 ], [ 85.78912845081463, 26.038709295236636, 0.0 ], [ 85.787264121833488, 26.039809406128434, 0.0 ], [ 85.786014694531019, 26.040444994816234, 0.0 ], [ 85.785185176404198, 26.040706259362953, 0.0 ], [ 85.784315910519595, 26.040683145877196, 0.0 ], [ 85.783666682454779, 26.040411880219299, 0.0 ], [ 85.783097632348742, 26.039838379321125, 0.0 ], [ 85.782284261957216, 26.038632894873739, 0.0 ], [ 85.781550906614015, 26.037287505915174, 0.0 ], [ 85.780996524638113, 26.037056934886554, 0.0 ], [ 85.780502005679523, 26.037029557727703, 0.0 ], [ 85.780062211212325, 26.037286498540599, 0.0 ], [ 85.779596845998398, 26.038121139178067, 0.0 ], [ 85.779116588389087, 26.039032485082181, 0.0 ], [ 85.778660732674027, 26.040539558012266, 0.0 ], [ 85.777984878593116, 26.042172882856732, 0.0 ], [ 85.777234370956705, 26.04355331500981, 0.0 ], [ 85.776539315899541, 26.044288491201915, 0.0 ], [ 85.775789289482788, 26.045032677625109, 0.0 ], [ 85.775039591310957, 26.045386056988814, 0.0 ], [ 85.774705177524723, 26.046372672846587, 0.0 ], [ 85.774400507684106, 26.04745129595215, 0.0 ], [ 85.773921034346316, 26.049131121803644, 0.0 ], [ 85.773176297658338, 26.050203458693936, 0.0 ], [ 85.770674198619574, 26.051647848497051, 0.0 ], [ 85.768419520339847, 26.052549613798693, 0.0 ], [ 85.768657484511365, 26.054628258454887, 0.0 ], [ 85.768877266959649, 26.056500711298469, 0.0 ], [ 85.765761416407571, 26.055184456914084, 0.0 ], [ 85.765033329811672, 26.055107201459371, 0.0 ], [ 85.764913853410008, 26.05463326671148, 0.0 ], [ 85.764964983487417, 26.053369624145287, 0.0 ], [ 85.765020722698196, 26.05255277282555, 0.0 ], [ 85.76445384434507, 26.052552326651842, 0.0 ], [ 85.763818101677728, 26.052803919739567, 0.0 ], [ 85.763281712557387, 26.052947621496902, 0.0 ], [ 85.762734411380393, 26.053065309435549, 0.0 ], [ 85.76232721843428, 26.053065170108415, 0.0 ], [ 85.76202242785422, 26.053001796225299, 0.0 ], [ 85.76172034008863, 26.052852583151953, 0.0 ], [ 85.761588273874054, 26.052446342343121, 0.0 ], [ 85.761498902469143, 26.051886622123991, 0.0 ], [ 85.761314750247877, 26.051186958943152, 0.0 ], [ 85.761165286806346, 26.05076260166777, 0.0 ], [ 85.761385657943293, 26.050194072307381, 0.0 ], [ 85.761081280013826, 26.046835044048905, 0.0 ], [ 85.760714448163441, 26.046786197057365, 0.0 ], [ 85.76027423772662, 26.046746001159757, 0.0 ], [ 85.760098029669024, 26.046438349513203, 0.0 ], [ 85.759609808985047, 26.046432283488706, 0.0 ], [ 85.759137389179045, 26.046410397989174, 0.0 ], [ 85.758748948059747, 26.046423526456817, 0.0 ], [ 85.758538919416807, 26.046626487407256, 0.0 ], [ 85.758344074820172, 26.047047191917084, 0.0 ], [ 85.758133358787717, 26.047506168108228, 0.0 ], [ 85.757833299452727, 26.047848927432238, 0.0 ], [ 85.757213428365063, 26.048059381510349, 0.0 ], [ 85.756508992819306, 26.048132220669366, 0.0 ], [ 85.75576936051786, 26.048158661254885, 0.0 ], [ 85.755332436267295, 26.047982323748293, 0.0 ], [ 85.754883132752894, 26.047607290330106, 0.0 ], [ 85.754414288284224, 26.046830680223099, 0.0 ], [ 85.753995995207674, 26.045498982509681, 0.0 ], [ 85.75386276427831, 26.043892207317974, 0.0 ], [ 85.753908626441799, 26.042967002637258, 0.0 ], [ 85.754179438343598, 26.04200590887638, 0.0 ], [ 85.75525066507538, 26.039948883802754, 0.0 ], [ 85.75619654730005, 26.038306893354104, 0.0 ], [ 85.757312532519478, 26.036358125714777, 0.0 ], [ 85.758098076959229, 26.035122107607719, 0.0 ], [ 85.758260014857797, 26.034713896242504, 0.0 ], [ 85.758593832795754, 26.033872399350525, 0.0 ], [ 85.758729462168247, 26.033168438186404, 0.0 ], [ 85.758656072344365, 26.032584590334267, 0.0 ], [ 85.758115928476144, 26.032184114660964, 0.0 ], [ 85.757381767051342, 26.032007524645518, 0.0 ], [ 85.756432593126362, 26.032101469969589, 0.0 ], [ 85.75453869351071, 26.032691150462725, 0.0 ], [ 85.753129329977185, 26.03321799491329, 0.0 ], [ 85.752314565112755, 26.033736328996966, 0.0 ], [ 85.751321202117097, 26.034590209291615, 0.0 ], [ 85.750389677548043, 26.035246591021345, 0.0 ], [ 85.750032490740608, 26.035621893747503, 0.0 ], [ 85.749664445223814, 26.036008641002113, 0.0 ], [ 85.749274047749992, 26.036671744129176, 0.0 ], [ 85.74915260807505, 26.037260764603776, 0.0 ], [ 85.749033087416933, 26.037840470781987, 0.0 ], [ 85.748837065922686, 26.038946026097335, 0.0 ], [ 85.748581098923111, 26.039992828161232, 0.0 ], [ 85.748094901581794, 26.041459173494403, 0.0 ], [ 85.747698103007934, 26.042392979630261, 0.0 ], [ 85.747369366244655, 26.043313965196205, 0.0 ], [ 85.74649691801487, 26.045110923846387, 0.0 ], [ 85.746339458348913, 26.045357136226926, 0.0 ], [ 85.745227449605963, 26.047104529213055, 0.0 ], [ 85.744546327523437, 26.04794679080592, 0.0 ], [ 85.744012781881125, 26.048427308244076, 0.0 ], [ 85.743508059050725, 26.048881861878666, 0.0 ], [ 85.742514430402963, 26.049505483297388, 0.0 ], [ 85.741939960152266, 26.049605237554882, 0.0 ], [ 85.741320285621441, 26.049465830641982, 0.0 ], [ 85.740760373503122, 26.049127796093135, 0.0 ], [ 85.740460312055774, 26.048834683376178, 0.0 ], [ 85.73993676596659, 26.047973284640463, 0.0 ], [ 85.739429444567477, 26.047138568100539, 0.0 ], [ 85.738538388418917, 26.045329508381176, 0.0 ], [ 85.737773993545801, 26.043484140464589, 0.0 ], [ 85.737120996460263, 26.041643390881987, 0.0 ], [ 85.736678467299015, 26.040662654921523, 0.0 ], [ 85.736259898697824, 26.039735002347843, 0.0 ], [ 85.735734314790861, 26.038647741881899, 0.0 ], [ 85.735009239529788, 26.037912655213596, 0.0 ], [ 85.734144634869793, 26.037547746769647, 0.0 ], [ 85.73330523004482, 26.037417497081776, 0.0 ], [ 85.731562070370487, 26.037811434207999, 0.0 ], [ 85.730638235748927, 26.03823634615096, 0.0 ], [ 85.729919309069999, 26.038760392359176, 0.0 ], [ 85.729175660298992, 26.039582319044172, 0.0 ], [ 85.728871327615153, 26.04005190301406, 0.0 ], [ 85.728687059620512, 26.04092579688086, 0.0 ], [ 85.728597763633488, 26.041428603209653, 0.0 ], [ 85.728563124356796, 26.041807730324713, 0.0 ], [ 85.72839961096328, 26.04335133690785, 0.0 ], [ 85.728342571530092, 26.043650055850822, 0.0 ], [ 85.728288217555999, 26.045172597996228, 0.0 ], [ 85.72797240736071, 26.046271753429252, 0.0 ], [ 85.727427909516692, 26.046946578121865, 0.0 ], [ 85.727048928206301, 26.047089164272453, 0.0 ], [ 85.726274589437722, 26.04709798615098, 0.0 ], [ 85.723046884150833, 26.046938485878975, 0.0 ], [ 85.721478205862041, 26.047074934944636, 0.0 ], [ 85.720199562345229, 26.0475361207993, 0.0 ], [ 85.71972037654767, 26.048091549491321, 0.0 ], [ 85.719515807183839, 26.048434680978726, 0.0 ], [ 85.719406222254563, 26.048849959520631, 0.0 ], [ 85.719456585815919, 26.049350884004429, 0.0 ], [ 85.719801838027351, 26.049987008052938, 0.0 ], [ 85.720136886106758, 26.050356864049213, 0.0 ], [ 85.721786916528714, 26.051885717671535, 0.0 ], [ 85.723016776725075, 26.052796540267504, 0.0 ], [ 85.723951942946073, 26.053797816153214, 0.0 ], [ 85.724217156446983, 26.05427602511373, 0.0 ], [ 85.724207462550638, 26.054632567777137, 0.0 ], [ 85.723553822948588, 26.055707137138835, 0.0 ], [ 85.722909997692994, 26.056492767867407, 0.0 ], [ 85.722341307913581, 26.05769373094147, 0.0 ], [ 85.72220673041123, 26.058095488392212, 0.0 ], [ 85.722149793581082, 26.058731877407634, 0.0 ], [ 85.722647658314614, 26.059575493704905, 0.0 ], [ 85.723257760490895, 26.060184351190621, 0.0 ], [ 85.724837831598634, 26.061496586092474, 0.0 ], [ 85.727758067196973, 26.063936134208785, 0.0 ], [ 85.72827651705569, 26.064609054046183, 0.0 ], [ 85.728828600435975, 26.065302843029606, 0.0 ], [ 85.729679430871499, 26.066684343569364, 0.0 ], [ 85.7297345951919, 26.067048763217283, 0.0 ], [ 85.729801108495408, 26.068795288837915, 0.0 ], [ 85.729881760255779, 26.069580511537243, 0.0 ], [ 85.729907033417646, 26.070089353153094, 0.0 ], [ 85.729932642800208, 26.07060495114958, 0.0 ], [ 85.729766318497042, 26.070847743041888, 0.0 ], [ 85.729053547423689, 26.071061410342505, 0.0 ], [ 85.728059190037555, 26.07115238470606, 0.0 ], [ 85.726874642123747, 26.070900490290526, 0.0 ], [ 85.723717346728961, 26.069162948807641, 0.0 ], [ 85.720845414334306, 26.067641635058386, 0.0 ], [ 85.719895680892975, 26.067269930421404, 0.0 ], [ 85.719696026447593, 26.067552130235242, 0.0 ], [ 85.719706390089925, 26.068012461589632, 0.0 ], [ 85.719982205310728, 26.0692263068701, 0.0 ], [ 85.72038346960484, 26.071076418588479, 0.0 ], [ 85.720794748473338, 26.072935546966097, 0.0 ], [ 85.720872507045982, 26.073580060440321, 0.0 ], [ 85.720946200854058, 26.07482192579975, 0.0 ], [ 85.720657791497487, 26.076591254538602, 0.0 ], [ 85.720229459035338, 26.078378727891057, 0.0 ], [ 85.719816182825397, 26.080260964122267, 0.0 ], [ 85.719557637861755, 26.081813149794815, 0.0 ], [ 85.719353259094135, 26.082571975734286, 0.0 ], [ 85.718924281625391, 26.083601242407418, 0.0 ], [ 85.718574843368501, 26.084106937210557, 0.0 ], [ 85.71752146889591, 26.08556534716433, 0.0 ], [ 85.717256820025213, 26.085863380998575, 0.0 ], [ 85.716644515183788, 26.086679208302307, 0.0 ], [ 85.716043603471348, 26.0874798397614, 0.0 ], [ 85.715659101947352, 26.087913339090502, 0.0 ], [ 85.71492492663036, 26.088586249907852, 0.0 ], [ 85.71371105683474, 26.089408401484263, 0.0 ], [ 85.713496576257413, 26.090004256010857, 0.0 ], [ 85.713367559295051, 26.091177692026314, 0.0 ], [ 85.713337758817175, 26.09150723224684, 0.0 ], [ 85.713214256359905, 26.092704820094994, 0.0 ], [ 85.713089670141613, 26.093912876632988, 0.0 ], [ 85.712915470057766, 26.094865165884354, 0.0 ], [ 85.712821201870739, 26.095785937491232, 0.0 ], [ 85.71285162411759, 26.096359056932766, 0.0 ], [ 85.712987593503115, 26.097749008021129, 0.0 ], [ 85.71298789200479, 26.098114567931265, 0.0 ], [ 85.713138982891621, 26.099657954960648, 0.0 ], [ 85.713124356188317, 26.10019952459432, 0.0 ], [ 85.713185331132379, 26.101553415422675, 0.0 ], [ 85.713346045099158, 26.102483051649592, 0.0 ], [ 85.713546549677616, 26.103340364949922, 0.0 ], [ 85.713666730267363, 26.103606599060964, 0.0 ], [ 85.714234656093666, 26.105204032250061, 0.0 ], [ 85.714528400375471, 26.10612885282114, 0.0 ], [ 85.714888963791296, 26.10697260310371, 0.0 ], [ 85.715319419939462, 26.107744118107398, 0.0 ], [ 85.715920766946553, 26.108769778240553, 0.0 ], [ 85.716300095659363, 26.108925903336395, 0.0 ], [ 85.716685100076646, 26.108952713268362, 0.0 ], [ 85.717584784233878, 26.108852829986592, 0.0 ], [ 85.719174134995157, 26.108581030432546, 0.0 ], [ 85.720843587881859, 26.108354343255797, 0.0 ], [ 85.723207599873021, 26.107973625772168, 0.0 ], [ 85.724042252848093, 26.107783473992132, 0.0 ], [ 85.724721676850081, 26.107255006925385, 0.0 ], [ 85.724987551485754, 26.106897397626433, 0.0 ], [ 85.725465633428186, 26.106252576726312, 0.0 ], [ 85.725775447890811, 26.106130542974245, 0.0 ], [ 85.726355223103113, 26.106075988409017, 0.0 ], [ 85.727749832419079, 26.106025281746604, 0.0 ], [ 85.729649429755824, 26.106159308285669, 0.0 ], [ 85.730195230909743, 26.106216134271442, 0.0 ], [ 85.73304425624562, 26.1069647137987, 0.0 ], [ 85.73412444659148, 26.107455774280041, 0.0 ], [ 85.734512693387259, 26.107810859927636, 0.0 ], [ 85.734555111612593, 26.108312915389028, 0.0 ], [ 85.734410536774774, 26.10871927794151, 0.0 ], [ 85.734146045625195, 26.109238434281512, 0.0 ], [ 85.733724573094221, 26.109922028289976, 0.0 ], [ 85.733296651676199, 26.110611986542498, 0.0 ], [ 85.73282806924324, 26.111044717060171, 0.0 ], [ 85.732518127587753, 26.111094538102968, 0.0 ], [ 85.732129204719214, 26.111014935895614, 0.0 ], [ 85.731528037016787, 26.110684609619778, 0.0 ], [ 85.73034289524368, 26.110252192962033, 0.0 ], [ 85.729333071904648, 26.110225871754292, 0.0 ], [ 85.728443505819314, 26.110406992388732, 0.0 ], [ 85.727643865080353, 26.110696428710639, 0.0 ], [ 85.727349229321305, 26.110976414928068, 0.0 ], [ 85.727229504878466, 26.111292434381742, 0.0 ], [ 85.72727270403108, 26.112086723197855, 0.0 ], [ 85.72692063389627, 26.112461586649864, 0.0 ], [ 85.72645843396495, 26.112732688467471, 0.0 ], [ 85.726381152880862, 26.113030572856882, 0.0 ], [ 85.726521656793722, 26.113648810737594, 0.0 ], [ 85.726967555381094, 26.114785806386308, 0.0 ], [ 85.72715811878183, 26.115408458146973, 0.0 ], [ 85.727414085393676, 26.116622231179594, 0.0 ], [ 85.7274847198656, 26.117348823280281, 0.0 ], [ 85.727520693950666, 26.11844093857691, 0.0 ], [ 85.727621504293623, 26.119456343004014, 0.0 ], [ 85.727807218467248, 26.120241461614548, 0.0 ], [ 85.728097963567876, 26.121098739475048, 0.0 ], [ 85.728263440734466, 26.121730468305863, 0.0 ], [ 85.728218728439757, 26.122100597042998, 0.0 ], [ 85.727771853923542, 26.122712430845819, 0.0 ], [ 85.727835377620423, 26.123883559698353, 0.0 ], [ 85.728101967874693, 26.1256975838457, 0.0 ], [ 85.728736799641823, 26.125656553571357, 0.0 ], [ 85.729876839843328, 26.125741449961119, 0.0 ], [ 85.730916968478965, 26.126011441788865, 0.0 ], [ 85.731787335202284, 26.126498237220979, 0.0 ], [ 85.733012597868537, 26.126917005888728, 0.0 ], [ 85.734377625818041, 26.127119136812372, 0.0 ], [ 85.736077442107273, 26.127095233642393, 0.0 ], [ 85.738557166420691, 26.127016564558396, 0.0 ], [ 85.738932334102401, 26.127183261856157, 0.0 ], [ 85.739087710868461, 26.127625385023833, 0.0 ], [ 85.739208315225099, 26.128306817651684, 0.0 ], [ 85.73937649247911, 26.129194662968811, 0.0 ], [ 85.739755338331634, 26.130400401392166, 0.0 ], [ 85.740495490505779, 26.130575883629618, 0.0 ], [ 85.741520397987841, 26.130602082968114, 0.0 ], [ 85.742280480594744, 26.130700807780666, 0.0 ], [ 85.747695554728196, 26.131482856680964, 0.0 ], [ 85.750045864539572, 26.132159775921771, 0.0 ], [ 85.752358515965454, 26.129271630481536, 0.0 ], [ 85.753088464117127, 26.129269111526995, 0.0 ], [ 85.753564610893164, 26.129565315297565, 0.0 ], [ 85.753712207513928, 26.130156002106993, 0.0 ], [ 85.753950966307187, 26.132217586207958, 0.0 ], [ 85.75527044715983, 26.133264506124871, 0.0 ], [ 85.758171807639698, 26.134752589672168, 0.0 ], [ 85.759601935604906, 26.136167561476782, 0.0 ], [ 85.762319360552411, 26.138685958430479, 0.0 ], [ 85.764039701364069, 26.140981646088346, 0.0 ], [ 85.764407183368462, 26.142465866060864, 0.0 ], [ 85.759284454911338, 26.144370989267983, 0.0 ], [ 85.758943981695253, 26.145782953046087, 0.0 ], [ 85.759327334982473, 26.146803067104603, 0.0 ], [ 85.760066332636185, 26.14823594523628, 0.0 ], [ 85.760115880359834, 26.149329232553796, 0.0 ], [ 85.757406194134219, 26.150524354864427, 0.0 ], [ 85.753998646896164, 26.151197651008509, 0.0 ], [ 85.752072189242242, 26.151137453144848, 0.0 ], [ 85.75000001558287, 26.151072673448084, 0.0 ], [ 85.748932605118213, 26.15103932471316, 0.0 ], [ 85.747613654774241, 26.150999425692188, 0.0 ], [ 85.746276922467132, 26.151665161532737, 0.0 ], [ 85.7458023576351, 26.152207153425149, 0.0 ], [ 85.745683253330412, 26.153082767321042, 0.0 ], [ 85.74548847599884, 26.153335669717858, 0.0 ], [ 85.74498856496912, 26.15342186903381, 0.0 ], [ 85.744353541784605, 26.153485580237799, 0.0 ], [ 85.744241350456846, 26.153821855958281, 0.0 ], [ 85.744519775990199, 26.154721970156398, 0.0 ], [ 85.744155121436378, 26.155096852048416, 0.0 ], [ 85.743220701451676, 26.155792639187109, 0.0 ], [ 85.742601375403609, 26.156555813285525, 0.0 ], [ 85.742137212005503, 26.157476891970916, 0.0 ], [ 85.742077863402642, 26.158113322056753, 0.0 ], [ 85.741683829477736, 26.159201222638064, 0.0 ], [ 85.741569271852384, 26.159611674863889, 0.0 ], [ 85.741464609572915, 26.159986666448919, 0.0 ], [ 85.741604966658855, 26.160397237743961, 0.0 ], [ 85.741675373743107, 26.16075374919161, 0.0 ], [ 85.741330404743238, 26.16085780931007, 0.0 ], [ 85.740270372733377, 26.160994075504188, 0.0 ], [ 85.739220334654163, 26.161252122405099, 0.0 ], [ 85.738483771209488, 26.161418719035538, 0.0 ], [ 85.737875360442317, 26.161519493984866, 0.0 ], [ 85.737635457057252, 26.161695700417329, 0.0 ], [ 85.737580795188805, 26.162052290435305, 0.0 ], [ 85.737461070227369, 26.162384069874623, 0.0 ], [ 85.73709602864011, 26.162391115159515, 0.0 ], [ 85.736130896562059, 26.162436995647933, 0.0 ], [ 85.734580026886874, 26.162598665571526, 0.0 ], [ 85.733710683161206, 26.162808912879449, 0.0 ], [ 85.733360704736398, 26.162931056077625, 0.0 ], [ 85.732615675260234, 26.162994740355558, 0.0 ], [ 85.730492418880644, 26.163051059353407, 0.0 ], [ 85.729640110201558, 26.163078209314417, 0.0 ], [ 85.727334984269291, 26.163499514424668, 0.0 ], [ 85.726934971662473, 26.163612623249126, 0.0 ], [ 85.724094811537, 26.163908626917099, 0.0 ], [ 85.723034408854375, 26.163958350426345, 0.0 ], [ 85.721419068239811, 26.164076819873916, 0.0 ], [ 85.721136685274928, 26.164219125081427, 0.0 ], [ 85.721122374775817, 26.165049553874756, 0.0 ], [ 85.720825514847277, 26.165963601048585, 0.0 ], [ 85.720628188291258, 26.166399555310132, 0.0 ], [ 85.720431119187552, 26.16683493534217, 0.0 ], [ 85.72021161805489, 26.167475886762769, 0.0 ], [ 85.720117641027059, 26.168807352643626, 0.0 ], [ 85.720123220121437, 26.169570019674737, 0.0 ], [ 85.720284302634283, 26.170770404491886, 0.0 ], [ 85.720369744300953, 26.171347980458194, 0.0 ], [ 85.720460871244271, 26.172715397701403, 0.0 ], [ 85.720511389243953, 26.173256910902516, 0.0 ], [ 85.720593922838447, 26.173922617836968, 0.0 ], [ 85.720677555256799, 26.174597188309221, 0.0 ], [ 85.720754866090374, 26.17552898786715, 0.0 ], [ 85.720897508559446, 26.176543648925943, 0.0 ], [ 85.721244192330872, 26.17644714846417, 0.0 ], [ 85.722124193115619, 26.176126154976089, 0.0 ], [ 85.722844569697074, 26.176193399868794, 0.0 ], [ 85.723975437723695, 26.176788281856727, 0.0 ], [ 85.724531140145018, 26.177442340050739, 0.0 ], [ 85.724997364417732, 26.178669529738578, 0.0 ], [ 85.725172943341775, 26.179278687821622, 0.0 ], [ 85.72531870577771, 26.180127010463458, 0.0 ], [ 85.725364515070169, 26.181011553912693, 0.0 ], [ 85.725390258483003, 26.18187352851616, 0.0 ], [ 85.725286060423642, 26.182934148842897, 0.0 ], [ 85.725206265821782, 26.183214039560372, 0.0 ], [ 85.724946660210762, 26.183760297031682, 0.0 ], [ 85.72456184685295, 26.184180220973332, 0.0 ], [ 85.724327253946427, 26.1847355461415, 0.0 ], [ 85.724297815924999, 26.185407980092446, 0.0 ], [ 85.724283471465739, 26.186256417800188, 0.0 ], [ 85.72415380584998, 26.186622086270678, 0.0 ], [ 85.72389883301237, 26.186861421358245, 0.0 ], [ 85.723628959103607, 26.187164001204632, 0.0 ], [ 85.723549264829558, 26.187480005261683, 0.0 ], [ 85.723594696139614, 26.188021561993764, 0.0 ], [ 85.723655055362514, 26.188377990633441, 0.0 ], [ 85.723755520641433, 26.188892408226437, 0.0 ], [ 85.724045949472483, 26.189311909050353, 0.0 ], [ 85.724401344391481, 26.189573449020966, 0.0 ], [ 85.724456696568652, 26.189902839299776, 0.0 ], [ 85.724546965944157, 26.19019615460477, 0.0 ], [ 85.724837448301642, 26.190602111512657, 0.0 ], [ 85.724928041978799, 26.19126098352411, 0.0 ], [ 85.724988615345936, 26.191919859843921, 0.0 ], [ 85.725033911596881, 26.192244737188631, 0.0 ], [ 85.725263323492413, 26.193028427236786, 0.0 ], [ 85.725460432265592, 26.193815007355013, 0.0 ], [ 85.725641481443191, 26.194888986418697, 0.0 ], [ 85.725662163091172, 26.195710288261306, 0.0 ], [ 85.725562475917641, 26.196143663629115, 0.0 ], [ 85.725522897681145, 26.196644561055642, 0.0 ], [ 85.725586936274837, 26.19693664647874, 0.0 ], [ 85.725948974380358, 26.197659769060412, 0.0 ], [ 85.726074432536066, 26.198081596467606, 0.0 ], [ 85.725179364407893, 26.19854484965456, 0.0 ], [ 85.724744498439662, 26.198897158851405, 0.0 ], [ 85.724489790537319, 26.199486250019085, 0.0 ], [ 85.72508622579339, 26.200756303565413, 0.0 ], [ 85.724990894764318, 26.201258072672758, 0.0 ], [ 85.724366267737011, 26.201325379654602, 0.0 ], [ 85.723580913084447, 26.201411673970995, 0.0 ], [ 85.721174733779435, 26.201566800557206, 0.0 ], [ 85.719393940473964, 26.201676266837147, 0.0 ], [ 85.717776967970167, 26.201661969069431, 0.0 ], [ 85.717748338657742, 26.202060923181016, 0.0 ], [ 85.717899257822282, 26.203184566957866, 0.0 ], [ 85.718155914953996, 26.205043777698521, 0.0 ], [ 85.718377436267716, 26.206803726639748, 0.0 ], [ 85.718578719649713, 26.208758771798248, 0.0 ], [ 85.718564480590956, 26.209272262815766, 0.0 ], [ 85.718419822473564, 26.2097552016644, 0.0 ], [ 85.717449235434884, 26.209746773125875, 0.0 ], [ 85.717084086416122, 26.209868917351766, 0.0 ], [ 85.716944266315409, 26.210279627438549, 0.0 ], [ 85.716724353587438, 26.210509960230112, 0.0 ], [ 85.715964012358754, 26.210663874595355, 0.0 ], [ 85.71474337475415, 26.210881292253841, 0.0 ], [ 85.713366058445246, 26.211108270517048, 0.0 ], [ 85.710856171170519, 26.211213127751769, 0.0 ], [ 85.710333580684306, 26.21143906658968, 0.0 ], [ 85.709944419432333, 26.212493890624046, 0.0 ], [ 85.70983211514195, 26.213259533249058, 0.0 ], [ 85.70985234770383, 26.213713960695152, 0.0 ], [ 85.710183464956515, 26.214846448418349, 0.0 ], [ 85.710158609778148, 26.215121765476727, 0.0 ], [ 85.709673375913624, 26.215221416078222, 0.0 ], [ 85.708447728347096, 26.215443247506439, 0.0 ], [ 85.7069593875012, 26.21565620637698, 0.0 ], [ 85.707092433103909, 26.216364669954572, 0.0 ], [ 85.707524051080341, 26.218237293783321, 0.0 ], [ 85.707604492666931, 26.21869312690411, 0.0 ], [ 85.70761255802995, 26.219530247790001, 0.0 ], [ 85.70692464058466, 26.219672799669297, 0.0 ], [ 85.70627928571443, 26.219795013011989, 0.0 ], [ 85.705799138834237, 26.220029983547146, 0.0 ], [ 85.705890000473929, 26.221153679420276, 0.0 ], [ 85.706125645472341, 26.221947842294902, 0.0 ], [ 85.706210986570582, 26.222268207849488, 0.0 ], [ 85.706557314590526, 26.223834010301996, 0.0 ], [ 85.706545097687894, 26.225469202117939, 0.0 ], [ 85.706183240326155, 26.225526584703246, 0.0 ], [ 85.705507720184215, 26.225513460327825, 0.0 ], [ 85.70520236578875, 26.22540074645465, 0.0 ], [ 85.70489685781682, 26.224958683374332, 0.0 ], [ 85.7041116701796, 26.224829471528501, 0.0 ], [ 85.703065500827293, 26.22491905826621, 0.0 ], [ 85.701614419432431, 26.225014656811531, 0.0 ], [ 85.701089052839436, 26.224965220280684, 0.0 ], [ 85.700733656190266, 26.224825502924617, 0.0 ], [ 85.699802941537428, 26.224753798897176, 0.0 ], [ 85.69899234120119, 26.224844509798196, 0.0 ], [ 85.697598440455579, 26.225100110103313, 0.0 ], [ 85.697006213036047, 26.225319364734187, 0.0 ], [ 85.696596038713906, 26.225649055565963, 0.0 ], [ 85.696401127292162, 26.225956050049422, 0.0 ], [ 85.696403832387048, 26.226346361290798, 0.0 ], [ 85.696606832659356, 26.226790852175192, 0.0 ], [ 85.697057686284111, 26.227652613601325, 0.0 ], [ 85.697343242860526, 26.228248170989037, 0.0 ], [ 85.697468786399583, 26.228893466781727, 0.0 ], [ 85.697634645217818, 26.230098330737945, 0.0 ], [ 85.697800224973022, 26.230924100597409, 0.0 ], [ 85.697880912956876, 26.231822228344299, 0.0 ], [ 85.697881376597309, 26.232598381643818, 0.0 ], [ 85.697997238903341, 26.233798820286736, 0.0 ], [ 85.69805262116671, 26.234335864118972, 0.0 ], [ 85.698208383652812, 26.23545947292078, 0.0 ], [ 85.698323645812351, 26.235698679101429, 0.0 ], [ 85.698518945296982, 26.235951249883492, 0.0 ], [ 85.699495316574428, 26.236821735862996, 0.0 ], [ 85.699660875426858, 26.237381263131887, 0.0 ], [ 85.699785854181272, 26.238439326644546, 0.0 ], [ 85.699957166749911, 26.239039704571059, 0.0 ], [ 85.700362488832184, 26.239068831110345, 0.0 ], [ 85.70111321829998, 26.239140621880797, 0.0 ], [ 85.702184153022046, 26.239180634197528, 0.0 ], [ 85.702603258190479, 26.239206493625957, 0.0 ], [ 85.703110324032622, 26.239735289745408, 0.0 ], [ 85.703964211848543, 26.240661089993171, 0.0 ], [ 85.704284080178851, 26.240610783180717, 0.0 ], [ 85.70502225497593, 26.240131356779795, 0.0 ], [ 85.705947779984882, 26.239598277304559, 0.0 ], [ 85.706823452389074, 26.239543686611665, 0.0 ], [ 85.707749285250969, 26.239624332907177, 0.0 ], [ 85.709345714217179, 26.239673079419674, 0.0 ], [ 85.711051348751297, 26.239649658907073, 0.0 ], [ 85.711976358011384, 26.240998476232953, 0.0 ], [ 85.711937759247192, 26.24263233632438, 0.0 ], [ 85.712550125750099, 26.244349721642926, 0.0 ], [ 85.713722589602568, 26.247234234872682, 0.0 ], [ 85.714629212164112, 26.249355511890769, 0.0 ], [ 85.713951938142742, 26.249165693626374, 0.0 ], [ 85.713010947111272, 26.248963160189533, 0.0 ], [ 85.712395836532849, 26.248979559807491, 0.0 ], [ 85.711544660824529, 26.249203254573494, 0.0 ], [ 85.710759292657684, 26.24959633490295, 0.0 ], [ 85.710145465677243, 26.2501156525399, 0.0 ], [ 85.709408772122785, 26.250738906959093, 0.0 ], [ 85.708993660950611, 26.251134039922107, 0.0 ], [ 85.708367196992157, 26.251320345398312, 0.0 ], [ 85.707511910499989, 26.251397697016525, 0.0 ], [ 85.706889033424346, 26.251024690802225, 0.0 ], [ 85.706726180132634, 26.250708909455536, 0.0 ], [ 85.706460779776606, 26.25013774746499, 0.0 ], [ 85.706189918358945, 26.249725339768446, 0.0 ], [ 85.705684005206905, 26.249084749424739, 0.0 ], [ 85.705363570821987, 26.248818691367227, 0.0 ], [ 85.704958087900906, 26.248728637403303, 0.0 ], [ 85.704362578757738, 26.248765067152611, 0.0 ], [ 85.702886368677525, 26.249059242251363, 0.0 ], [ 85.701836348064262, 26.249332623914547, 0.0 ], [ 85.700970014216395, 26.249759750543973, 0.0 ], [ 85.700562776217453, 26.250034494439269, 0.0 ], [ 85.700171082876821, 26.250212235439516, 0.0 ], [ 85.699914429833569, 26.250400766805555, 0.0 ], [ 85.699689348650921, 26.250626598682267, 0.0 ], [ 85.699234226477458, 26.251154866442359, 0.0 ], [ 85.699054147695207, 26.251394105817855, 0.0 ], [ 85.698959320373177, 26.251664902721544, 0.0 ], [ 85.698929417709223, 26.251994429020222, 0.0 ], [ 85.698778573286035, 26.252633468473384, 0.0 ], [ 85.698245225092748, 26.252824788684833, 0.0 ], [ 85.698071861737105, 26.253141128755104, 0.0 ], [ 85.698113428797853, 26.254326550752488, 0.0 ], [ 85.697819875676331, 26.254463584491834, 0.0 ], [ 85.69732936930869, 26.254454802284357, 0.0 ], [ 85.696844060710575, 26.254590425892918, 0.0 ], [ 85.696343718975726, 26.254897535584018, 0.0 ], [ 85.696003619456846, 26.255272273495542, 0.0 ], [ 85.695729368256409, 26.255658354540483, 0.0 ], [ 85.695493657400021, 26.256260914489555, 0.0 ], [ 85.695433894302894, 26.25674382725526, 0.0 ], [ 85.695519309115781, 26.257271844290848, 0.0 ], [ 85.695579697145959, 26.257754673793521, 0.0 ], [ 85.695564850329816, 26.258097697692911, 0.0 ], [ 85.69564025903577, 26.25858048352859, 0.0 ], [ 85.695682158062553, 26.258854659556526, 0.0 ], [ 85.695995735368669, 26.258909806148175, 0.0 ], [ 85.697659066475651, 26.258403062152137, 0.0 ], [ 85.698262756716531, 26.258349055203325, 0.0 ], [ 85.698603324048094, 26.258624158420353, 0.0 ], [ 85.69970082598077, 26.260753720740389, 0.0 ], [ 85.699908146193877, 26.261474175002597, 0.0 ], [ 85.699446104454452, 26.261651967349845, 0.0 ], [ 85.69936118203448, 26.261904707639324, 0.0 ], [ 85.699396504107824, 26.262410150008282, 0.0 ], [ 85.699521990868291, 26.262983216718553, 0.0 ], [ 85.699837494916807, 26.263181623201532, 0.0 ], [ 85.700203157475059, 26.263587587720064, 0.0 ], [ 85.700798883933231, 26.263772367873621, 0.0 ], [ 85.701179618284186, 26.264300164161572, 0.0 ], [ 85.701820989213189, 26.265252020487903, 0.0 ], [ 85.702141410825277, 26.265414353611039, 0.0 ], [ 85.702887303246868, 26.265468130387656, 0.0 ], [ 85.704534049410867, 26.265408516424412, 0.0 ], [ 85.705319846386701, 26.26537651259429, 0.0 ], [ 85.705785417271144, 26.265452935279903, 0.0 ], [ 85.706015876144406, 26.265755243067815, 0.0 ], [ 85.706266921046605, 26.266829187101962, 0.0 ], [ 85.706457483397656, 26.267406717783381, 0.0 ], [ 85.706728460578262, 26.268282087255308, 0.0 ], [ 85.707189806308207, 26.269509371218778, 0.0 ], [ 85.707470449474982, 26.270028216494019, 0.0 ], [ 85.707715889471885, 26.270190494473482, 0.0 ], [ 85.708166410579196, 26.27023535661862, 0.0 ], [ 85.709673027555667, 26.270112671846064, 0.0 ], [ 85.710358818810107, 26.270080645042068, 0.0 ], [ 85.710654178828435, 26.270175295092265, 0.0 ], [ 85.710829583332554, 26.270441393850327, 0.0 ], [ 85.711155680031311, 26.271406991256566, 0.0 ], [ 85.711581225002718, 26.271528627800308, 0.0 ], [ 85.711961545000733, 26.271383979415177, 0.0 ], [ 85.712642278973306, 26.271230107515461, 0.0 ], [ 85.713250446897518, 26.271236508221598, 0.0 ], [ 85.713478403911921, 26.271477841299848, 0.0 ], [ 85.713538824132783, 26.271992263663314, 0.0 ], [ 85.713636819299495, 26.272468291820648, 0.0 ], [ 85.714094828592692, 26.272407122757016, 0.0 ], [ 85.714980594669825, 26.272158294245113, 0.0 ], [ 85.715566198268476, 26.272022606199933, 0.0 ], [ 85.716552034126494, 26.271624796549634, 0.0 ], [ 85.716884928785717, 26.271694534999195, 0.0 ], [ 85.717078818086463, 26.273149842888845, 0.0 ], [ 85.717189497948411, 26.273903416538854, 0.0 ], [ 85.71725991655984, 26.274193944966321, 0.0 ], [ 85.717435597213026, 26.274918753239461, 0.0 ], [ 85.717751521420027, 26.2756405758075, 0.0 ], [ 85.717701728448105, 26.275915940829655, 0.0 ], [ 85.717471615935551, 26.27607855770901, 0.0 ], [ 85.716913507036736, 26.276207547387475, 0.0 ], [ 85.715439665963061, 26.276675518643732, 0.0 ], [ 85.71530485912389, 26.277131451298057, 0.0 ], [ 85.715270257996252, 26.277727178033214, 0.0 ], [ 85.71521095551681, 26.27874709587196, 0.0 ], [ 85.714967379128566, 26.281003751077581, 0.0 ], [ 85.714942727854975, 26.281468658447363, 0.0 ], [ 85.714873459187757, 26.282556288107642, 0.0 ], [ 85.714773749876258, 26.283061782000654, 0.0 ], [ 85.714749048530848, 26.283540231335163, 0.0 ], [ 85.714899549304164, 26.283878598741403, 0.0 ], [ 85.715055067266903, 26.284343313858717, 0.0 ], [ 85.715140580384556, 26.284790068538868, 0.0 ], [ 85.715121948961055, 26.28669907697962, 0.0 ], [ 85.715062740637805, 26.287755106784029, 0.0 ], [ 85.715193058093959, 26.2880077968181, 0.0 ], [ 85.715523685259527, 26.288269321527117, 0.0 ], [ 85.715779416774097, 26.28876562868551, 0.0 ], [ 85.716025305852042, 26.289492064376404, 0.0 ], [ 85.716011172391575, 26.290557074138366, 0.0 ], [ 85.715856943933346, 26.291920112457888, 0.0 ], [ 85.715702195567602, 26.292461768062143, 0.0 ], [ 85.715111586198503, 26.2926832656992, 0.0 ], [ 85.713960240036243, 26.292860011973325, 0.0 ], [ 85.712660040686828, 26.293106880810953, 0.0 ], [ 85.711427182435074, 26.293321822690551, 0.0 ], [ 85.710416048963381, 26.293561641569958, 0.0 ], [ 85.710128351534465, 26.293648247877737, 0.0 ], [ 85.709394900154919, 26.293941344999752, 0.0 ], [ 85.709264900099299, 26.294198694346203, 0.0 ], [ 85.709112441907408, 26.294489833604082, 0.0 ], [ 85.70758299682872, 26.294610310906979, 0.0 ], [ 85.706131196390658, 26.294809745578888, 0.0 ], [ 85.705590439550321, 26.294837097600087, 0.0 ], [ 85.705310193018192, 26.29502682269824, 0.0 ], [ 85.705140318071159, 26.295487210551848, 0.0 ], [ 85.705145719582205, 26.296055847820373, 0.0 ], [ 85.705230953362374, 26.296308500294881, 0.0 ], [ 85.70549331747435, 26.296752160771451, 0.0 ], [ 85.705271607700979, 26.297175021734525, 0.0 ], [ 85.704856433864578, 26.297662671591354, 0.0 ], [ 85.704431140593172, 26.298159257692145, 0.0 ], [ 85.704171062165742, 26.29856109539627, 0.0 ], [ 85.704046054747252, 26.29882286373439, 0.0 ], [ 85.704011239673491, 26.299161373212044, 0.0 ], [ 85.70407167761033, 26.299581092285504, 0.0 ], [ 85.704141983545725, 26.299987178004297, 0.0 ], [ 85.704267526097681, 26.300515190440461, 0.0 ], [ 85.704217784474395, 26.30098907590671, 0.0 ], [ 85.704133034707127, 26.301503542504179, 0.0 ], [ 85.703963092943425, 26.301986543706011, 0.0 ], [ 85.703983368774999, 26.30230695217691, 0.0 ], [ 85.704138864549847, 26.302771677559214, 0.0 ], [ 85.7044398940278, 26.303606424332237, 0.0 ], [ 85.704690647666368, 26.304224583982698, 0.0 ], [ 85.7048613710692, 26.304878854283185, 0.0 ], [ 85.70506204625508, 26.305451872304126, 0.0 ], [ 85.705448131197642, 26.306322684058443, 0.0 ], [ 85.706164830864225, 26.307278995174155, 0.0 ], [ 85.706676310473114, 26.308051723570649, 0.0 ], [ 85.707069386522505, 26.308287146405391, 0.0 ], [ 85.707467488477647, 26.308365893455949, 0.0 ], [ 85.707873028147915, 26.308279899416288, 0.0 ], [ 85.708353593515099, 26.308112695284496, 0.0 ], [ 85.709219556393037, 26.3076067036911, 0.0 ], [ 85.709587503686265, 26.307523029564575, 0.0 ], [ 85.709725418717881, 26.307804998397256, 0.0 ], [ 85.710011218419169, 26.308382477361327, 0.0 ], [ 85.710352109802542, 26.308806521951524, 0.0 ], [ 85.71105352882131, 26.3094558976338, 0.0 ], [ 85.711354229233578, 26.309773951437368, 0.0 ], [ 85.711459597030725, 26.310101082727503, 0.0 ], [ 85.711409928029326, 26.310561428744304, 0.0 ], [ 85.7111449433133, 26.311188845975355, 0.0 ], [ 85.710957611302646, 26.311696662267138, 0.0 ], [ 85.711145621370633, 26.311996683833311, 0.0 ], [ 85.712347779242975, 26.312542035996291, 0.0 ], [ 85.713089081422197, 26.312785226788534, 0.0 ], [ 85.713454669125895, 26.312825703125323, 0.0 ], [ 85.713930451181199, 26.312893077036005, 0.0 ], [ 85.715773218753881, 26.312968635617032, 0.0 ], [ 85.718206806900184, 26.312899406743053, 0.0 ], [ 85.719668894821524, 26.312785624392422, 0.0 ], [ 85.720490073139217, 26.312762529249476, 0.0 ], [ 85.721251252974398, 26.312784576789412, 0.0 ], [ 85.721842135007947, 26.312788670674546, 0.0 ], [ 85.722152623253606, 26.312761375388042, 0.0 ], [ 85.722247502785905, 26.312481491724469, 0.0 ], [ 85.722056273950528, 26.311330826767016, 0.0 ], [ 85.721830104317206, 26.310306559803152, 0.0 ], [ 85.721694222577639, 26.3095168338589, 0.0 ], [ 85.721628393578058, 26.308587255767748, 0.0 ], [ 85.721657982955108, 26.308090793365611, 0.0 ], [ 85.721847636400199, 26.307567626689899, 0.0 ], [ 85.721906292539103, 26.307220039093938, 0.0 ], [ 85.72230309930238, 26.307074922387592, 0.0 ], [ 85.72263856864322, 26.307083778753146, 0.0 ], [ 85.723129366298863, 26.307187187874788, 0.0 ], [ 85.724025994730511, 26.307588251910428, 0.0 ], [ 85.724757281850088, 26.307867494959947, 0.0 ], [ 85.726009470989254, 26.308227741102669, 0.0 ], [ 85.726700640867918, 26.308466443272405, 0.0 ], [ 85.72732686306334, 26.308763790582375, 0.0 ], [ 85.727797825235399, 26.30907934901937, 0.0 ], [ 85.728033366626462, 26.309295856146331, 0.0 ], [ 85.728108765629514, 26.309683921041298, 0.0 ], [ 85.728124306023574, 26.310173518446039, 0.0 ], [ 85.72792180492543, 26.310586608829066, 0.0 ], [ 85.727484140102533, 26.311110417989504, 0.0 ], [ 85.726788704288595, 26.311819451884102, 0.0 ], [ 85.72625346733912, 26.312388435425806, 0.0 ], [ 85.725472998159944, 26.313296137280002, 0.0 ], [ 85.72489785918512, 26.314077281837026, 0.0 ], [ 85.72458802519786, 26.314826657510665, 0.0 ], [ 85.724478260305759, 26.315363755698517, 0.0 ], [ 85.724458748708741, 26.315864731840662, 0.0 ], [ 85.724479156354874, 26.316352068808577, 0.0 ], [ 85.724634796979544, 26.316794295830235, 0.0 ], [ 85.72487029291996, 26.316970090573648, 0.0 ], [ 85.725260898296881, 26.317032969040007, 0.0 ], [ 85.725811771028773, 26.316978460686077, 0.0 ], [ 85.726167190127882, 26.31689702496606, 0.0 ], [ 85.726457590627689, 26.316788468985159, 0.0 ], [ 85.72672773570234, 26.316571665718175, 0.0 ], [ 85.72697786821638, 26.316196873972039, 0.0 ], [ 85.727172857936566, 26.315862759605299, 0.0 ], [ 85.727507864350613, 26.315357089041576, 0.0 ], [ 85.727818109751055, 26.315054511420239, 0.0 ], [ 85.728203497115288, 26.31481507396574, 0.0 ], [ 85.728734209918741, 26.314688331483136, 0.0 ], [ 85.729224922921162, 26.3146744438661, 0.0 ], [ 85.729610515525351, 26.314746384579689, 0.0 ], [ 85.729846062387068, 26.314904115490158, 0.0 ], [ 85.730197270256213, 26.315616925711431, 0.0 ], [ 85.730338191531047, 26.316492365904796, 0.0 ], [ 85.730619523273575, 26.317408230279288, 0.0 ], [ 85.730860307015078, 26.317927040316565, 0.0 ], [ 85.73106612497385, 26.318418817465684, 0.0 ], [ 85.731487174734909, 26.318878824418015, 0.0 ], [ 85.731823009479029, 26.319262149904169, 0.0 ], [ 85.732289076005401, 26.31962739579156, 0.0 ], [ 85.732935617906364, 26.320200076398063, 0.0 ], [ 85.733502024232592, 26.320790825021081, 0.0 ], [ 85.733802907201351, 26.321174197778245, 0.0 ], [ 85.733958610473607, 26.321706606766458, 0.0 ], [ 85.734044238090092, 26.322243542030094, 0.0 ], [ 85.734059698405986, 26.322685835446396, 0.0 ], [ 85.733919691544727, 26.322916101871513, 0.0 ], [ 85.73369958701096, 26.323178020453014, 0.0 ], [ 85.733319298620827, 26.323516778535669, 0.0 ], [ 85.732883840075715, 26.323769831853308, 0.0 ], [ 85.732468312199927, 26.323914558666416, 0.0 ], [ 85.732047733678328, 26.324014157792323, 0.0 ], [ 85.730903053293815, 26.324034522010937, 0.0 ], [ 85.730024682570146, 26.324205195600769, 0.0 ], [ 85.729343859836717, 26.324499034398137, 0.0 ], [ 85.728753310185553, 26.324941731583191, 0.0 ], [ 85.728182919090727, 26.325533338745227, 0.0 ], [ 85.727932971520048, 26.326047995030578, 0.0 ], [ 85.727658216266121, 26.326828931912214, 0.0 ], [ 85.727383460097286, 26.327614380910696, 0.0 ], [ 85.727278765045753, 26.328156009752629, 0.0 ], [ 85.727224189842545, 26.328742731166347, 0.0 ], [ 85.727150004365768, 26.329812352718527, 0.0 ], [ 85.727105500374947, 26.330462248816726, 0.0 ], [ 85.727191356979247, 26.331279031419289, 0.0 ], [ 85.727262118644404, 26.332014590694993, 0.0 ], [ 85.727508243996482, 26.332831257955974, 0.0 ], [ 85.727759418633639, 26.333688538414641, 0.0 ], [ 85.727975448675565, 26.334446557737067, 0.0 ], [ 85.728314208794416, 26.335602970592056, 0.0 ], [ 85.728663526033159, 26.336607762424382, 0.0 ], [ 85.729044975703104, 26.337505562457068, 0.0 ], [ 85.729536709184131, 26.338502564912464, 0.0 ], [ 85.730048550721179, 26.33957175851338, 0.0 ], [ 85.730219293519582, 26.34006805682581, 0.0 ], [ 85.730234816046874, 26.340618623990579, 0.0 ], [ 85.730180295927127, 26.341254987842394, 0.0 ], [ 85.730055504729549, 26.341728938295734, 0.0 ], [ 85.729750389582094, 26.342193993837554, 0.0 ], [ 85.729270001611795, 26.342699793301978, 0.0 ], [ 85.728669426720629, 26.343237268550432, 0.0 ], [ 85.727688278006255, 26.343892350275514, 0.0 ], [ 85.727002379961576, 26.344249361323651, 0.0 ], [ 85.726341479713597, 26.344556709802916, 0.0 ], [ 85.726011012093252, 26.344692330992274, 0.0 ], [ 85.725184941697506, 26.345148716447426, 0.0 ], [ 85.724734377784259, 26.345424319606877, 0.0 ], [ 85.724368890047245, 26.345614116379821, 0.0 ], [ 85.724008341513866, 26.345722676230118, 0.0 ], [ 85.723667942034027, 26.345966609349926, 0.0 ], [ 85.723152471490408, 26.346499489460804, 0.0 ], [ 85.722732114494391, 26.346969122544287, 0.0 ], [ 85.722391833559612, 26.34736197852288, 0.0 ], [ 85.721976561515291, 26.347930890165493, 0.0 ], [ 85.721471380763447, 26.348811253135949, 0.0 ], [ 85.721181094841882, 26.349100275966713, 0.0 ], [ 85.720765742100255, 26.349420671035769, 0.0 ], [ 85.720267982736615, 26.349509931741419, 0.0 ], [ 85.719603521708066, 26.349444308408145, 0.0 ], [ 85.718571659906843, 26.349454010740452, 0.0 ], [ 85.717324344462313, 26.349382612186897, 0.0 ], [ 85.716172248694022, 26.349369809554346, 0.0 ], [ 85.715285762499747, 26.34952381023923, 0.0 ], [ 85.71424899525438, 26.349668872534135, 0.0 ], [ 85.713302442850804, 26.349886079047632, 0.0 ], [ 85.712481125710539, 26.350116742108526, 0.0 ], [ 85.711885157472651, 26.350270543995208, 0.0 ], [ 85.711259039118559, 26.35029799960456, 0.0 ], [ 85.710562733223213, 26.350244261006043, 0.0 ], [ 85.70971104744406, 26.350055223504839, 0.0 ], [ 85.709124960839503, 26.350023977537948, 0.0 ], [ 85.708604017919612, 26.350028794764611, 0.0 ], [ 85.708044294043916, 26.350087788273921, 0.0 ], [ 85.707877969414184, 26.350408302715206, 0.0 ], [ 85.707823368910041, 26.351112352194313, 0.0 ], [ 85.707767742517802, 26.351574672089367, 0.0 ], [ 85.707575920849493, 26.351823282338305, 0.0 ], [ 85.706827063432655, 26.35184401985806, 0.0 ], [ 85.705649870507997, 26.351790530828808, 0.0 ], [ 85.704362409106423, 26.351637808632134, 0.0 ], [ 85.701998038917111, 26.351571403248133, 0.0 ], [ 85.701206596813762, 26.351580851636687, 0.0 ], [ 85.700873902879962, 26.351450151988114, 0.0 ], [ 85.70078054212604, 26.351156860780751, 0.0 ], [ 85.700865380080955, 26.350669419311192, 0.0 ], [ 85.701085300797132, 26.34993369431951, 0.0 ], [ 85.701180152443314, 26.349441733652547, 0.0 ], [ 85.701124244343788, 26.348205218132524, 0.0 ], [ 85.701138748837565, 26.347406421159764, 0.0 ], [ 85.700972616814695, 26.346124834046098, 0.0 ], [ 85.70100730299562, 26.345547159749813, 0.0 ], [ 85.70113228090274, 26.345172519707788, 0.0 ], [ 85.701362479511971, 26.34485197885229, 0.0 ], [ 85.701762777313348, 26.344226723334284, 0.0 ], [ 85.701737494169066, 26.343863444908717, 0.0 ], [ 85.701451702751058, 26.343425841735421, 0.0 ], [ 85.701265653541867, 26.342320269985841, 0.0 ], [ 85.701179510157147, 26.340799454436834, 0.0 ], [ 85.701213857274652, 26.339707304135413, 0.0 ], [ 85.701207806292913, 26.338114239043918, 0.0 ], [ 85.701282439085347, 26.337356024805562, 0.0 ], [ 85.701317218132218, 26.336927276211366, 0.0 ], [ 85.701317041408359, 26.336656499728598, 0.0 ], [ 85.701016529509062, 26.336656658714428, 0.0 ], [ 85.700445754058336, 26.336959327117043, 0.0 ], [ 85.699829953828896, 26.337347763090566, 0.0 ], [ 85.699084185184645, 26.338142428070249, 0.0 ], [ 85.698113131416036, 26.339117721993663, 0.0 ], [ 85.69759256852447, 26.339655026327684, 0.0 ], [ 85.69660135194836, 26.340463340388734, 0.0 ], [ 85.69587030706829, 26.340829251376224, 0.0 ], [ 85.695324494517862, 26.341055167272259, 0.0 ], [ 85.694793749693872, 26.341353280433168, 0.0 ], [ 85.694487802498429, 26.341696354220176, 0.0 ], [ 85.69438343511726, 26.342025907317357, 0.0 ], [ 85.694368908392562, 26.342865321851345, 0.0 ], [ 85.694311592265237, 26.343343721075055, 0.0 ], [ 85.693983562570395, 26.343425112181162, 0.0 ], [ 85.692245386098151, 26.343218342001581, 0.0 ], [ 85.691178469423789, 26.343146630495454, 0.0 ], [ 85.690249384231521, 26.343230545500074, 0.0 ], [ 85.689936506804301, 26.343539823205592, 0.0 ], [ 85.689731458268426, 26.344104033979523, 0.0 ], [ 85.689660379098612, 26.344637720881291, 0.0 ], [ 85.689115775309233, 26.344839919575588, 0.0 ], [ 85.688344416909828, 26.344853800744996, 0.0 ], [ 85.687157316060365, 26.344858831914117, 0.0 ], [ 85.686143030716508, 26.344880704891626, 0.0 ], [ 85.685930383201736, 26.345319678145955, 0.0 ], [ 85.685866143775968, 26.346998518849695, 0.0 ], [ 85.685691358576449, 26.348014003764732, 0.0 ], [ 85.685726706138581, 26.348560054729649, 0.0 ], [ 85.685731881929158, 26.348878215391409, 0.0 ], [ 85.685398904119992, 26.349117540836765, 0.0 ], [ 85.684379628713032, 26.349251097663675, 0.0 ], [ 85.683152432676025, 26.349301242504019, 0.0 ], [ 85.681178874652247, 26.349329105737411, 0.0 ], [ 85.679786371117999, 26.349365747180766, 0.0 ], [ 85.67845820078945, 26.349380028850586, 0.0 ], [ 85.678098373296692, 26.349492742950687, 0.0 ], [ 85.67757752165106, 26.349696017165687, 0.0 ], [ 85.677076791026494, 26.350093338197933, 0.0 ], [ 85.676826588791258, 26.350662058561188, 0.0 ], [ 85.676676574956559, 26.351248794409344, 0.0 ], [ 85.676731877705905, 26.351704581312067, 0.0 ], [ 85.676882310950532, 26.352061049067913, 0.0 ], [ 85.677072781654005, 26.352331755929239, 0.0 ], [ 85.677378445479476, 26.352561804941434, 0.0 ], [ 85.677804303371488, 26.352728628051771, 0.0 ], [ 85.67916694106431, 26.353012434956796, 0.0 ], [ 85.679662920845388, 26.353152148118966, 0.0 ], [ 85.679948548812987, 26.353368660359312, 0.0 ], [ 85.68008144651337, 26.353691284229132, 0.0 ], [ 85.680139335771017, 26.354289225230239, 0.0 ], [ 85.680294547740573, 26.354562761218862, 0.0 ], [ 85.680850906286622, 26.354816963944398, 0.0 ], [ 85.681387017494416, 26.355055939781376, 0.0 ], [ 85.681772897350328, 26.35538974465214, 0.0 ], [ 85.682011416689875, 26.355760805033835, 0.0 ], [ 85.682870107811183, 26.355727776565601, 0.0 ], [ 85.683406034847437, 26.355583146281162, 0.0 ], [ 85.684287521905574, 26.355275905344829, 0.0 ], [ 85.684978668573564, 26.355004841926217, 0.0 ], [ 85.68545947039128, 26.354828636131174, 0.0 ], [ 85.687462770840128, 26.354042527317734, 0.0 ], [ 85.688354234026264, 26.353699153818919, 0.0 ], [ 85.689370858660553, 26.35323838256075, 0.0 ], [ 85.689757470178819, 26.353220792563469, 0.0 ], [ 85.690683330658516, 26.353332558769562, 0.0 ], [ 85.691008895809645, 26.353269228991664, 0.0 ], [ 85.691424528356634, 26.353034364400731, 0.0 ], [ 85.691795079303333, 26.352804032372944, 0.0 ], [ 85.692426188383436, 26.352713479347322, 0.0 ], [ 85.693954000001909, 26.352717266112492, 0.0 ], [ 85.694434860155866, 26.352676417920772, 0.0 ], [ 85.694850543737942, 26.352540827679611, 0.0 ], [ 85.695496528630244, 26.35220655448688, 0.0 ], [ 85.696423129121982, 26.352043631372407, 0.0 ], [ 85.697246879078818, 26.352021326803424, 0.0 ], [ 85.698121213271861, 26.351997646928002, 0.0 ], [ 85.700395451416085, 26.352104780546821, 0.0 ], [ 85.700941485021971, 26.352154134879655, 0.0 ], [ 85.701512701505422, 26.352411068823702, 0.0 ], [ 85.70216398613799, 26.352546107628996, 0.0 ], [ 85.702539353119263, 26.352583947775479, 0.0 ], [ 85.70296551313379, 26.352626907278186, 0.0 ], [ 85.703221113880176, 26.352820824378458, 0.0 ], [ 85.703547016763864, 26.353271939732032, 0.0 ], [ 85.703762969125634, 26.354093175415425, 0.0 ], [ 85.704109029145613, 26.354711257333459, 0.0 ], [ 85.704416580698791, 26.355172910348969, 0.0 ], [ 85.704259820882285, 26.355464833506435, 0.0 ], [ 85.704308434671674, 26.355744608611946, 0.0 ], [ 85.704635718456487, 26.355753453153426, 0.0 ], [ 85.705251795567676, 26.355649312354014, 0.0 ], [ 85.705682495110977, 26.355500143847923, 0.0 ], [ 85.706103259484479, 26.355470572911859, 0.0 ], [ 85.70679975369336, 26.35575223597084, 0.0 ], [ 85.707115397012828, 26.3558287748697, 0.0 ], [ 85.707541206500423, 26.355851095288919, 0.0 ], [ 85.708733320872739, 26.355696965114873, 0.0 ], [ 85.710145955029702, 26.355696133456689, 0.0 ], [ 85.71138328480211, 26.355726984681489, 0.0 ], [ 85.711909366565322, 26.355862054444302, 0.0 ], [ 85.712380374004042, 26.356033259916622, 0.0 ], [ 85.713322711051575, 26.356795368545669, 0.0 ], [ 85.713854009450785, 26.357192178331502, 0.0 ], [ 85.714565606261331, 26.35753133343448, 0.0 ], [ 85.714556596547297, 26.358843473746891, 0.0 ], [ 85.714622001157224, 26.359208980358176, 0.0 ], [ 85.715094577143091, 26.360280378797125, 0.0 ], [ 85.714738270109237, 26.360571812042028, 0.0 ], [ 85.712318688240771, 26.360613921888511, 0.0 ], [ 85.710966064773743, 26.360553814069956, 0.0 ], [ 85.710467309174931, 26.360138922409195, 0.0 ], [ 85.710099097337775, 26.360123346578373, 0.0 ], [ 85.70862669118516, 26.360674789910767, 0.0 ], [ 85.70703910102651, 26.361298490804803, 0.0 ], [ 85.706157716518987, 26.3617322334207, 0.0 ], [ 85.705772225217018, 26.362088971784143, 0.0 ], [ 85.705577040920772, 26.362364370782327, 0.0 ], [ 85.705306935169688, 26.362964741650249, 0.0 ], [ 85.705131861014792, 26.363348438647694, 0.0 ], [ 85.704591279270034, 26.364025678628042, 0.0 ], [ 85.703710096941265, 26.364802387860401, 0.0 ], [ 85.703064359830236, 26.365574451325163, 0.0 ], [ 85.702694079361976, 26.366238052432983, 0.0 ], [ 85.702574172307322, 26.366730026890174, 0.0 ], [ 85.702649885932317, 26.367578415060841, 0.0 ], [ 85.702750730676712, 26.368548639402992, 0.0 ], [ 85.702773801768558, 26.369336132602601, 0.0 ], [ 85.702581095747192, 26.369600243211757, 0.0 ], [ 85.701995075906069, 26.369817179310818, 0.0 ], [ 85.701509181916066, 26.369925748995055, 0.0 ], [ 85.701093553273026, 26.370228336164811, 0.0 ], [ 85.700723009668351, 26.370526384988342, 0.0 ], [ 85.700372691435334, 26.371113250287397, 0.0 ], [ 85.700142825883987, 26.372034007121673, 0.0 ], [ 85.699993507642688, 26.373559452294657, 0.0 ], [ 85.699944761152395, 26.375662499126026, 0.0 ], [ 85.699847477494146, 26.37630789802434, 0.0 ], [ 85.699429284837024, 26.37656083864761, 0.0 ], [ 85.698953363303275, 26.376642318098423, 0.0 ], [ 85.698497417127285, 26.376619987333331, 0.0 ], [ 85.698144132860079, 26.376520883771409, 0.0 ], [ 85.697173907321371, 26.375320938981737, 0.0 ], [ 85.696199659438548, 26.374337608492748, 0.0 ], [ 85.695229445674599, 26.374477987704534, 0.0 ], [ 85.693997053430479, 26.374654589477625, 0.0 ], [ 85.692178707455824, 26.375246645098386, 0.0 ], [ 85.691016581188734, 26.375662373314473, 0.0 ], [ 85.690863930201829, 26.375944502010206, 0.0 ], [ 85.69091690611441, 26.376596593971303, 0.0 ], [ 85.691132707584117, 26.377232816525193, 0.0 ], [ 85.691378671902925, 26.378040515677434, 0.0 ], [ 85.691789721728895, 26.378396845114189, 0.0 ], [ 85.692085522235175, 26.37873066362166, 0.0 ], [ 85.69234650425075, 26.379497737394377, 0.0 ], [ 85.692954023119171, 26.381663650726626, 0.0 ], [ 85.693405728693961, 26.382963156374291, 0.0 ], [ 85.69402312782789, 26.384826695006183, 0.0 ], [ 85.694465133513674, 26.386622620649337, 0.0 ], [ 85.694911954143578, 26.388071049197364, 0.0 ], [ 85.695042619329001, 26.38871181852403, 0.0 ], [ 85.6948875623616, 26.389172211791514, 0.0 ], [ 85.694832632533732, 26.389488142162804, 0.0 ], [ 85.694964028088819, 26.389826905719051, 0.0 ], [ 85.695564529259698, 26.390015794972438, 0.0 ], [ 85.696797267930378, 26.390139287923912, 0.0 ], [ 85.696925228452699, 26.390437076367672, 0.0 ], [ 85.696752503209865, 26.390678603245135, 0.0 ], [ 85.696061320304906, 26.391193418914888, 0.0 ], [ 85.695024804382101, 26.392412415325907, 0.0 ], [ 85.694143539473103, 26.393518505170348, 0.0 ], [ 85.693668019093252, 26.394403264414734, 0.0 ], [ 85.6932876491164, 26.395197718171115, 0.0 ], [ 85.692846998189424, 26.39574850173339, 0.0 ], [ 85.692256117453596, 26.39648438401932, 0.0 ], [ 85.691169384920272, 26.397671784725553, 0.0 ], [ 85.690413091906322, 26.398367119252239, 0.0 ], [ 85.689631791789225, 26.399166258188277, 0.0 ], [ 85.688800348618145, 26.399929312250066, 0.0 ], [ 85.688169240868476, 26.400498217808053, 0.0 ], [ 85.687833670444164, 26.400841346034117, 0.0 ], [ 85.687563250539469, 26.401193470095226, 0.0 ], [ 85.68740309990558, 26.401586163041184, 0.0 ], [ 85.687353252379694, 26.402082604117041, 0.0 ], [ 85.687358551638397, 26.40261963762136, 0.0 ], [ 85.687449084409181, 26.403228839857356, 0.0 ], [ 85.687795515959351, 26.404424608359157, 0.0 ], [ 85.68832748868769, 26.405818860954437, 0.0 ], [ 85.688698930440481, 26.406897279771393, 0.0 ], [ 85.689040195653774, 26.407768117679321, 0.0 ], [ 85.689189890305244, 26.408552100375633, 0.0 ], [ 85.689216249922112, 26.408941393293443, 0.0 ], [ 85.689156403876851, 26.409473942163896, 0.0 ], [ 85.689021323338139, 26.40989821538945, 0.0 ], [ 85.688686099108892, 26.410918279390913, 0.0 ], [ 85.688516243440674, 26.411911192525835, 0.0 ], [ 85.688436809539596, 26.413292174930337, 0.0 ], [ 85.688559092479508, 26.413744648731331, 0.0 ], [ 85.689254068366054, 26.413892025591462, 0.0 ], [ 85.689650087680789, 26.414040773833477, 0.0 ], [ 85.690402134952436, 26.414518799549011, 0.0 ], [ 85.690933640397986, 26.41495179330575, 0.0 ], [ 85.691346404503321, 26.415171227411609, 0.0 ], [ 85.691858488489061, 26.415189947780942, 0.0 ], [ 85.692482426536841, 26.415140613886752, 0.0 ], [ 85.692928440909157, 26.415063684140783, 0.0 ], [ 85.693734877300102, 26.414908286110659, 0.0 ], [ 85.694642314375443, 26.41473341992614, 0.0 ], [ 85.69587007812332, 26.414489121773364, 0.0 ], [ 85.696767089321966, 26.41430364667373, 0.0 ], [ 85.697137609482027, 26.414381770826594, 0.0 ], [ 85.697487416322744, 26.414786931109735, 0.0 ], [ 85.697883702654764, 26.4153824634055, 0.0 ], [ 85.698114447796286, 26.415553816488323, 0.0 ], [ 85.698538001949856, 26.415664161930458, 0.0 ], [ 85.698644608210145, 26.416669936420089, 0.0 ], [ 85.700589655746171, 26.416951888635843, 0.0 ], [ 85.700826415098561, 26.418052512868915, 0.0 ], [ 85.702229639756922, 26.418195401131378, 0.0 ], [ 85.702507269524602, 26.41931971382067, 0.0 ], [ 85.70270634641426, 26.419629709786108, 0.0 ], [ 85.704691691415874, 26.419669746627708, 0.0 ], [ 85.705280609989046, 26.419874587036176, 0.0 ], [ 85.705877997326965, 26.42053561146999, 0.0 ], [ 85.706274506019668, 26.421320630582123, 0.0 ], [ 85.706370104096408, 26.421844071458505, 0.0 ], [ 85.706817550454886, 26.423775333530312, 0.0 ], [ 85.707285657155808, 26.426545979197929, 0.0 ], [ 85.70794683306535, 26.42887576335411, 0.0 ], [ 85.708932226039877, 26.430006407490779, 0.0 ], [ 85.709569207822511, 26.430538552755497, 0.0 ], [ 85.710263843417479, 26.431075175171852, 0.0 ], [ 85.710517404470338, 26.431652672403299, 0.0 ], [ 85.710903883921191, 26.432338399560809, 0.0 ], [ 85.711201875945207, 26.432951447460564, 0.0 ], [ 85.711511347068026, 26.433588102721856, 0.0 ], [ 85.711797374256179, 26.433994088615734, 0.0 ], [ 85.712073341792745, 26.434350439070609, 0.0 ], [ 85.712138778186443, 26.434711430056353, 0.0 ], [ 85.712058790883759, 26.435000303092053, 0.0 ], [ 85.711818428281816, 26.435334402074961, 0.0 ], [ 85.711407642169178, 26.435686655682048, 0.0 ], [ 85.710926644842729, 26.43599833380215, 0.0 ], [ 85.709859148048622, 26.436314872012375, 0.0 ], [ 85.709097291617539, 26.436441682778064, 0.0 ], [ 85.707002242793763, 26.436885160302964, 0.0 ], [ 85.706591268531341, 26.436998217260328, 0.0 ], [ 85.706180394611721, 26.437255684874444, 0.0 ], [ 85.705889907088448, 26.437625905441934, 0.0 ], [ 85.705584522670563, 26.438203726753521, 0.0 ], [ 85.705249201677205, 26.438989156615389, 0.0 ], [ 85.705196802811102, 26.439332165071821, 0.0 ], [ 85.705131721099946, 26.439728498456589, 0.0 ], [ 85.705400258781452, 26.439954828055676, 0.0 ], [ 85.705606071957675, 26.440297732551656, 0.0 ], [ 85.70573155926985, 26.440608977035904, 0.0 ], [ 85.705682149403103, 26.441674094161325, 0.0 ], [ 85.705722908065667, 26.442567593647219, 0.0 ], [ 85.705788550510903, 26.443262524029194, 0.0 ], [ 85.705773967808767, 26.443903373387727, 0.0 ], [ 85.70597969020821, 26.444174043055259, 0.0 ], [ 85.706333245154852, 26.444331801307435, 0.0 ], [ 85.706952091485746, 26.443970373252029, 0.0 ], [ 85.707493305655476, 26.443721855976658, 0.0 ], [ 85.708079792756081, 26.443568087548954, 0.0 ], [ 85.70845075738093, 26.443513752773331, 0.0 ], [ 85.70909373292281, 26.443616025488858, 0.0 ], [ 85.708832696925668, 26.444926054327258, 0.0 ], [ 85.709045927006841, 26.445131289030535, 0.0 ], [ 85.710507064630448, 26.444834779208556, 0.0 ], [ 85.711011634418512, 26.444721667964384, 0.0 ], [ 85.711324459729909, 26.445154699419216, 0.0 ], [ 85.711389941869342, 26.445542768504772, 0.0 ], [ 85.711390234144289, 26.446030188222533, 0.0 ], [ 85.711569759462137, 26.4463696773783, 0.0 ], [ 85.712047276680366, 26.446350192857071, 0.0 ], [ 85.712673688384342, 26.446024874639928, 0.0 ], [ 85.713204621720749, 26.445473987921282, 0.0 ], [ 85.713524998390881, 26.445000346237766, 0.0 ], [ 85.713885630320917, 26.444467187110043, 0.0 ], [ 85.714246211427735, 26.443893818079694, 0.0 ], [ 85.714461577672893, 26.443690641135134, 0.0 ], [ 85.71482238455016, 26.443503127364458, 0.0 ], [ 85.715198386425612, 26.443482583876364, 0.0 ], [ 85.715534300677561, 26.443568119125338, 0.0 ], [ 85.716256429019452, 26.443897085453766, 0.0 ], [ 85.716903394366582, 26.444167414672549, 0.0 ], [ 85.71807192359708, 26.444730771895166, 0.0 ], [ 85.718748938334812, 26.44510491284349, 0.0 ], [ 85.719350842099161, 26.445479099394625, 0.0 ], [ 85.720168323029043, 26.445884736051603, 0.0 ], [ 85.720815311867185, 26.446191159524059, 0.0 ], [ 85.721361852116715, 26.446348713111266, 0.0 ], [ 85.72183317136215, 26.446434181945488, 0.0 ], [ 85.722129027421616, 26.446433939134518, 0.0 ], [ 85.722444737363261, 26.446388642871767, 0.0 ], [ 85.722810632746274, 26.446221376203294, 0.0 ], [ 85.72303100453675, 26.446036196185407, 0.0 ], [ 85.72322639845143, 26.445796896875315, 0.0 ], [ 85.723491340816366, 26.44496183177214, 0.0 ], [ 85.723761402804641, 26.444226029773148, 0.0 ], [ 85.724024849978207, 26.443938453237109, 0.0 ], [ 85.725600608562104, 26.443457554406233, 0.0 ], [ 85.726139251833075, 26.443211244749683, 0.0 ] ] ] ] } }
]
}
